"","date","total_mc","log_mc","st_mc"
"1697",2018-08-19,216874374104.162,26.1025841016683,-0.0126093061621348
"1698",2018-08-20,211882884125.333,26.0792995255998,-0.0130331121089121
"1699",2018-08-21,212218447355.396,26.0808819931621,-0.0130046208782329
"1700",2018-08-22,210564128520.536,26.0730560922265,-0.0131450819756312
"1701",2018-08-23,212046267660.526,26.0800703314885,-0.0130192399156164
"1702",2018-08-24,217855366965.684,26.1070972252665,-0.0125260142773023
"1703",2018-08-25,219566957238.66,26.1149230673125,-0.0123806905084056
"1704",2018-08-26,218826948871.32,26.1115470665978,-0.0124435214362596
"1705",2018-08-27,223562972939.59,26.1329589694326,-0.0120414060012438
"1706",2018-08-28,232516009762.864,26.1722249187982,-0.0112812421496657
"1707",2018-08-29,234026046839.887,26.178698257391,-0.0111530313958004
"1708",2018-08-30,231771005546.296,26.1690156761039,-0.0113444972535916
"1709",2018-08-31,230785117577.77,26.1647528876026,-0.0114282047609069
"1710",2018-09-01,237186259527.933,26.1921115746009,-0.0108847113278536
"1711",2018-09-02,242377599472.804,26.2137626754555,-0.0104439369799713
"1712",2018-09-03,240512413881.393,26.2060375421306,-0.0106023018667759
"1713",2018-09-04,240876764564.733,26.2075512892991,-0.0105713664172474
"1714",2018-09-05,223996615130.988,26.1348967776649,-0.012004587307774
"1715",2018-09-06,208147273368.258,26.0615117111418,-0.0133502867522369
"1716",2018-09-07,205473866666.524,26.04858469329,-0.0135772742175338
"1717",2018-09-08,197424577026.332,26.0086224598753,-0.0142607047826187
"1718",2018-09-09,196214438559.671,26.0024739723979,-0.0143634524352776
"1719",2018-09-10,197147460753.327,26.007217817417,-0.0142842335335421
"1720",2018-09-11,194479521643.157,25.9935927072801,-0.0145107567691542
"1721",2018-09-12,193734347623.498,25.9897537154571,-0.0145740262903303
"1722",2018-09-13,199894535890.663,26.0210557438654,-0.0140509911982103
"1723",2018-09-14,203473504755.364,26.0388016355903,-0.013747116344284
"1724",2018-09-15,204388450332.166,26.0432881884552,-0.0136694322503419
"1725",2018-09-16,204618018460.889,26.044410753355,-0.0136499406078552
"1726",2018-09-17,197142453043.539,26.0071924162611,-0.0142846587166431
"1727",2018-09-18,196828610746.615,26.005599190808,-0.0143113057163067
"1728",2018-09-19,201103307423.329,26.0270845802498,-0.0139483596060381
"1729",2018-09-20,205430141962.159,26.0483718712994,-0.0135809866941309
"1730",2018-09-21,220912775659.067,26.1210337802817,-0.0122664228544045
"1731",2018-09-22,228280982842.255,26.1538430880299,-0.0116408200715545
"1732",2018-09-23,226971258208.838,26.1480892305913,-0.011752023157334
"1733",2018-09-24,224920055450.009,26.1390108669025,-0.0119261819618042
"1734",2018-09-25,215167106878.751,26.094680804475,-0.0127542628796553
"1735",2018-09-26,215208503613.319,26.0948731793851,-0.0127507480609616
"1736",2018-09-27,222119551790.073,26.1264815954449,-0.0121639606832054
"1737",2018-09-28,224072257168.478,26.1352344134298,-0.0119981648676909
"1738",2018-09-29,223551990855.661,26.132909845226,-0.0120423384427586
"1739",2018-09-30,225268610263.146,26.1405593505021,-0.01189658767168
"1740",2018-10-01,225057887160.686,26.1396234823307,-0.0119144792640351
"1741",2018-10-02,222764216234.207,26.1293797227388,-0.012109224997817
"1742",2018-10-03,218965484806.069,26.1121799507169,-0.0124317589458533
"1743",2018-10-04,220405664396.824,26.118735614425,-0.012309479490705
"1744",2018-10-05,222473366821.385,26.128073231709,-0.012133919770579
"1745",2018-10-06,221920758527.707,26.1255862115303,-0.0121808393641457
"1746",2018-10-07,220137375213.898,26.1175176212122,-0.0123322587713731
"1747",2018-10-08,222289866542.295,26.1272480722725,-0.0121494999900813
"1748",2018-10-09,223403720490.971,26.1322463773863,-0.0120549274417455
"1749",2018-10-10,221285951412.608,26.1227215998944,-0.0122347381061199
"1750",2018-10-11,209904924350.293,26.0699205239566,-0.0132010521666311
"1751",2018-10-12,201484711802.226,26.0289793435055,-0.0139159762005641
"1752",2018-10-13,205145794556.21,26.0469867562641,-0.0136051294094529
"1753",2018-10-14,205509931616.171,26.0487601987474,-0.0135742120977668
"1754",2018-10-15,211836195674.427,26.0790791510483,-0.0130370762244816
"1755",2018-10-16,215909182946.349,26.0981237068945,-0.0126912563922651
"1756",2018-10-17,216801891745.767,26.1022498322384,-0.0126154603274551
"1757",2018-10-18,214494302324.184,26.0915490123705,-0.0128113878207958
"1758",2018-10-19,212288569443.17,26.0812123626761,-0.0129986671133399
"1759",2018-10-20,213614188819.769,26.0874373688851,-0.0128861144732768
"1760",2018-10-21,214480458383.874,26.0914844680589,-0.0128125632502278
"1761",2018-10-22,213778824456.931,26.0882077869322,-0.0128721359693878
"1762",2018-10-23,212823218374.258,26.0837276973635,-0.0129532723720113
"1763",2018-10-24,212278720434.779,26.0811659671641,-0.012999503350284
"1764",2018-10-25,212037306814.752,26.0800280716778,-0.0130200007424924
"1765",2018-10-26,212252110947.441,26.0810406076594,-0.0130017626474121
"1766",2018-10-27,211873164712.224,26.0792536529184,-0.0130339373424781
"1767",2018-10-28,212020738059.537,26.0799499278698,-0.013021407524239
"1768",2018-10-29,208047294276.986,26.0610312671333,-0.0133587755468882
"1769",2018-10-30,205864700560.364,26.0504849965564,-0.0135440901925004
"1770",2018-10-31,207231448523.618,26.0571021144034,-0.0134280455010295
"1771",2018-11-01,208635512355.298,26.0638546064201,-0.0133088324796582
"1772",2018-11-02,210228213994.308,26.0714595109029,-0.0131736030333571
"1773",2018-11-03,210984422376.391,26.075050140097,-0.0131093966319241
"1774",2018-11-04,210758896266.008,26.0739806453503,-0.0131285450840174
"1775",2018-11-05,213778457657.944,26.0882060711434,-0.0128721671127123
"1776",2018-11-06,217962174253.202,26.1075873720805,-0.0125169457298743
"1777",2018-11-07,224187374504.433,26.1357480324593,-0.0119883907497898
"1778",2018-11-08,221410952580.711,26.1232863256483,-0.0122241247945394
"1779",2018-11-09,216679558315.685,26.1016854093165,-0.0126258471328735
"1780",2018-11-10,215640879123.057,26.0968802643304,-0.0127140369159838
"1781",2018-11-11,216632524613.053,26.1014683200422,-0.0126298405622822
"1782",2018-11-12,215979530491.132,26.0984494738952,-0.0126852834847872
"1783",2018-11-13,214980228003.756,26.093811898072,-0.0127701299612052
"1784",2018-11-14,199707631149.004,26.0201202897027,-0.0140668604759875
"1785",2018-11-15,190614650852.796,25.973519692226,-0.0148389063259857
"1786",2018-11-16,188036264886.915,25.9599006795085,-0.015057825989265
"1787",2018-11-17,185796499011.262,25.9479178203675,-0.0152479948770154
"1788",2018-11-18,187387361034.056,25.9564437606879,-0.0151129216246154
"1789",2018-11-19,170309340524.972,25.8608822705859,-0.0165629428971481
"1790",2018-11-20,151307435468.467,25.7425796004094,-0.0181763129323886
"1791",2018-11-21,150290519103.04,25.7358360518956,-0.0182626549274384
"1792",2018-11-22,146473670385.492,25.7101115249201,-0.0185867271365999
"1793",2018-11-23,143420688518.057,25.6890480261009,-0.0188459426967453
"1794",2018-11-24,132536528682.089,25.6101241325444,-0.0197700698979865
"1795",2018-11-25,131060042505.175,25.5989213948762,-0.0198954319892188
"1796",2018-11-26,127117153202.553,25.5683749643564,-0.0202302057623854
"1797",2018-11-27,127402637113.923,25.5706182793516,-0.0202059665512759
"1798",2018-11-28,136454531408.011,25.6392572928422,-0.0194374091370157
"1799",2018-11-29,139742239355.799,25.6630654151019,-0.0191582639948938
"1800",2018-11-30,133448281738.189,25.6169798370167,-0.0196926568672469
"1801",2018-12-01,135407191142.975,25.631552306376,-0.0195263342945346
"1802",2018-12-02,135143121766.015,25.6296002150405,-0.0195487552896267
"1803",2018-12-03,129136850056.343,25.584138532151,-0.0200587219888119
"1804",2018-12-04,128022310103.05,25.575470383358,-0.0201533527828494
"1805",2018-12-05,123675910505.739,25.5409303561171,-0.0205223868797271
"1806",2018-12-06,114642446689.996,25.4650839626147,-0.0212893794413366
"1807",2018-12-07,109974966230.382,25.4235185971148,-0.0216856751333327
"1808",2018-12-08,109537528431.489,25.4195330528878,-0.0217228160955108
"1809",2018-12-09,112252569459.133,25.4440172538113,-0.0214922936386611
"1810",2018-12-10,110643964679.12,25.4295833577093,-0.0216288733522688
"1811",2018-12-11,108012433930.986,25.4055121864344,-0.0218523053104451
"1812",2018-12-12,108724512956.139,25.4120831158261,-0.021791845742918
"1813",2018-12-13,106194733807.452,25.3885403570243,-0.022006638410397
"1814",2018-12-14,103274917583.357,25.360660372198,-0.0222545474484832
"1815",2018-12-15,102302134951.996,25.3511963792072,-0.0223371422379831
"1816",2018-12-16,102303512673.529,25.3512098462991,-0.022337025261573
"1817",2018-12-17,109381080544.868,25.418103773632,-0.021736099412715
"1818",2018-12-18,116571389897.29,25.4817697110917,-0.0211256011695752
"1819",2018-12-19,119715859240.387,25.5083869322996,-0.0208586178013393
"1820",2018-12-20,128438197365.648,25.5787136712331,-0.0201180415840239
"1821",2018-12-21,128179121193.098,25.5766945069614,-0.0201400386276042
"1822",2018-12-22,129563131683.673,25.5874341026437,-0.020022528249181
"1823",2018-12-23,131979997768.911,25.6059162159969,-0.0198173225443047
"1824",2018-12-24,135871313134.764,25.6349740477769,-0.0194869276923007
"1825",2018-12-25,131038340341.124,25.5987557916865,-0.019897274626632
"1826",2018-12-26,127915675120.162,25.574637095646,-0.0201624067006323
"1827",2018-12-27,123408367870.259,25.5387647570608,-0.0205451027742624
"1828",2018-12-28,126427700870.496,25.5629364471052,-0.0202887441947142
"1829",2018-12-29,130442745748.326,25.5942002375412,-0.0199478440019822
"1830",2018-12-30,129388096129.294,25.5860822219632,-0.020037389765313
"1831",2018-12-31,126194450368.606,25.5610898111944,-0.0203085484916694
"1832",2019-01-01,127251244923.261,25.5694292756161,-0.0202188206110798
"1833",2019-01-02,131800735007.94,25.6045570356908,-0.0198325429743682
"1834",2019-01-03,130748155048.881,25.5965388292671,-0.0199219130117718
"1835",2019-01-04,130303323478.699,25.5931308271119,-0.0199596817472711
"1836",2019-01-05,130554597131.99,25.5950573450448,-0.0199383471820441
"1837",2019-01-06,134812611616.364,25.6271515890332,-0.0195768174849805
"1838",2019-01-07,135389395458.897,25.6314208742606,-0.0195278452495343
"1839",2019-01-08,134541814174.981,25.6251408737326,-0.0195998097310867
"1840",2019-01-09,135133947855.898,25.6295323298135,-0.0195495342068797
"1841",2019-01-10,126565740907.985,25.5640277010936,-0.0202770238088115
"1842",2019-01-11,121216281103.241,25.5208422340948,-0.0207312234339561
"1843",2019-01-12,120670204002.901,25.5163270746156,-0.0207775884919857
"1844",2019-01-13,117719298092.69,25.4915687977785,-0.02102813722161
"1845",2019-01-14,120083535939.618,25.5114534703705,-0.0208273999541059
"1846",2019-01-15,120087652302.664,25.5114877489456,-0.0208270504514233
"1847",2019-01-16,120011422451.761,25.5108527622965,-0.0208335228002153
"1848",2019-01-17,121132570780.329,25.5201514090664,-0.0207383309174544
"1849",2019-01-18,120731613638.429,25.5168358498804,-0.0207723744639428
"1850",2019-01-19,122056978161.462,25.5277538067635,-0.0206598434623998
"1851",2019-01-20,119748464829.926,25.5086592533634,-0.0208558494009611
"1852",2019-01-21,118123764086.443,25.4949987599453,-0.0209937957536018
"1853",2019-01-22,119235567780.947,25.504366934493,-0.02089939728353
"1854",2019-01-23,119246904566.944,25.5044620088681,-0.0208984347257881
"1855",2019-01-24,119254564497.314,25.5045262426894,-0.0208977843540441
"1856",2019-01-25,119252493834.152,25.5045088791516,-0.0208979601651476
"1857",2019-01-26,119043900731.706,25.5027581757378,-0.0209156709083623
"1858",2019-01-27,118483579971.882,25.4980402222824,-0.0209632453342598
"1859",2019-01-28,114760296206.291,25.4661114091498,-0.0212793733457534
"1860",2019-01-29,112106855989.383,25.4427183247385,-0.0215046655426953
"1861",2019-01-30,113019903873.957,25.4508297806253,-0.0214271425736388
"1862",2019-01-31,114040338225.81,25.4598180668389,-0.0213405018814916
"1863",2019-02-01,113655811013.692,25.4564405167226,-0.0213731504333037
"1864",2019-02-02,114603603475.005,25.4647450846682,-0.0212926774516651
"1865",2019-02-03,114034986633.33,25.459771138549,-0.021340956262193
"1866",2019-02-04,113797400656.26,25.4576855170444,-0.0213611286656998
"1867",2019-02-05,113965865894.68,25.4591648185287,-0.0213468250068383
"1868",2019-02-06,112206537968.531,25.4436070990016,-0.0214962019745566
"1869",2019-02-07,111208893687.202,25.4346761947662,-0.0215809076598307
"1870",2019-02-08,118370012555.425,25.4970812549815,-0.0209728878551622
"1871",2019-02-09,121472106836.709,25.5229505000106,-0.0207095023711788
"1872",2019-02-10,122371632845.087,25.5303284223631,-0.0206331274864753
"1873",2019-02-11,121007716602.043,25.5191201540803,-0.0207489317487617
"1874",2019-02-12,120771645395.836,25.5171673713508,-0.0207689755395893
"1875",2019-02-13,120491886439.652,25.5148482551592,-0.0207927286693758
"1876",2019-02-14,119701491612.494,25.50826691069,-0.0208598376948315
"1877",2019-02-15,119494609702.469,25.5065371002083,-0.0208774031480571
"1878",2019-02-16,120567131374.396,25.5154725415922,-0.0207863399455789
"1879",2019-02-17,122789998794.817,25.5337414063038,-0.0205976058329857
"1880",2019-02-18,128615712232.254,25.5800948203866,-0.0201029695601536
"1881",2019-02-19,131749954463.321,25.6041716787384,-0.0198368545320156
"1882",2019-02-20,134163996549.25,25.6223287434426,-0.0196318886007752
"1883",2019-02-21,134133621539.471,25.6221023157156,-0.0196344676122191
"1884",2019-02-22,134194954371.255,25.6225594629475,-0.0196292601052517
"1885",2019-02-23,138507771198.002,25.6541922707326,-0.0192630773769903
"1886",2019-02-24,131023999710.944,25.5986463472681,-0.0198984922278646
"1887",2019-02-25,128000316523.82,25.5752985737053,-0.0201552201630721
"1888",2019-02-26,129118370163.044,25.5839954187354,-0.0200602910370739
"1889",2019-02-27,128772987038.059,25.5813169006553,-0.0200896160327979
"1890",2019-02-28,128586450425.684,25.5798672810347,-0.0201054540543008
"1891",2019-03-01,128844349213.755,25.5818709175438,-0.0200835569773729
"1892",2019-03-02,129141919227.863,25.5841777856408,-0.0200582915872596
"1893",2019-03-03,128443491081.05,25.5787548864356,-0.0201175921174163
"1894",2019-03-04,125786122565.024,25.5578488616542,-0.0203432178493415
"1895",2019-03-05,128656281637.024,25.5804102018201,-0.0200995249864749
"1896",2019-03-06,131560423323.009,25.6027320759803,-0.0198529468060068
"1897",2019-03-07,131863051931.899,25.6050297356079,-0.0198272519123665
"1898",2019-03-08,131624384332.607,25.6032181299545,-0.0198475161517644
"1899",2019-03-09,133093357047.263,25.6143166516148,-0.0197227919962987
"1900",2019-03-10,133921583577.5,25.6205202684198,-0.0196524708436405
"1901",2019-03-11,132542248543.818,25.6101672884831,-0.019769584249127
"1902",2019-03-12,132460214605.06,25.6095481701519,-0.0197765493980566
"1903",2019-03-13,132768646005.855,25.6118739467594,-0.0197503618143123
"1904",2019-03-14,133132568703.842,25.6146112259073,-0.0197194627031794
"1905",2019-03-15,134834026316.537,25.6273104243177,-0.0195749992548888
"1906",2019-03-16,139346951536.254,25.6602327143255,-0.0191918261836035
"1907",2019-03-17,139835109100.867,25.6637297732768,-0.0191503788242529
"1908",2019-03-18,138818811108.644,25.6564354025555,-0.0192366683158935
"1909",2019-03-19,139745881353.671,25.6630914770172,-0.019157954768518
"1910",2019-03-20,140866586195.628,25.6710790822033,-0.019062800540298
"1911",2019-03-21,139784212971.073,25.6633657345546,-0.0191547001957405
"1912",2019-03-22,139016110910.983,25.6578556691949,-0.0192199164382209
"1913",2019-03-23,140336840634.03,25.6673113742899,-0.0191077789576115
"1914",2019-03-24,140632217268.414,25.6694139313857,-0.0190826997979374
"1915",2019-03-25,138909207174.376,25.6570863708625,-0.0192289931747262
"1916",2019-03-26,138348639665.667,25.6530427105735,-0.0192765885510104
"1917",2019-03-27,140848677231.03,25.6709519398937,-0.0190643211134593
"1918",2019-03-28,142904230821.642,25.6854405283134,-0.0188897928985745
"1919",2019-03-29,144657596773.777,25.6976353853011,-0.0187409221364285
"1920",2019-03-30,145460505665.122,25.7031704479841,-0.0186727505956029
"1921",2019-03-31,145561932593.459,25.7038674865565,-0.0186641388713332
"1922",2019-04-01,147054543778.96,25.7140694010199,-0.0185374076749721
"1923",2019-04-02,164595672912.338,25.8267578363404,-0.0170480658408812
"1924",2019-04-03,173296619776.504,25.8782705284374,-0.0163093058635462
"1925",2019-04-04,172203826420.267,25.8719446494845,-0.016402090247555
"1926",2019-04-05,174125084905.952,25.8830397566612,-0.0162389644524551
"1927",2019-04-06,177957675334.694,25.904811579946,-0.0159135556822978
"1928",2019-04-07,181067388460.325,25.9221351108568,-0.0156495233150079
"1929",2019-04-08,184596252984.36,25.9414368607829,-0.0153499026051596
"1930",2019-04-09,181191497851.661,25.922820308106,-0.0156389857203574
"1931",2019-04-10,182997240788.235,25.9327369120142,-0.0154856678537249
"1932",2019-04-11,177112773617.356,25.9000525057144,-0.0159852926533765
"1933",2019-04-12,173147397675.278,25.8774090783737,-0.0163219756703891
"1934",2019-04-13,173328220093.688,25.8784528599592,-0.0163066228165203
"1935",2019-04-14,175311783021.831,25.88983184294,-0.0161382070191692
"1936",2019-04-15,173652786694.729,25.8803236637747,-0.016279065262317
"1937",2019-04-16,176035535597.478,25.893951718408,-0.0160767563006752
"1938",2019-04-17,177510574384.955,25.9022960180872,-0.0159515171010552
"1939",2019-04-18,179740331176.658,25.9147790417067,-0.0157621980415762
"1940",2019-04-19,180705066337.446,25.9201320714368,-0.0156802865281921
"1941",2019-04-20,181456425978.016,25.9242813845721,-0.0156164918125475
"1942",2019-04-21,180354617520.099,25.9181908470738,-0.015710041630068
"1943",2019-04-22,180240569898.615,25.917558294953,-0.0157197249231139
"1944",2019-04-23,183156887578.975,25.9336089316829,-0.0154721129313298
"1945",2019-04-24,179480518980.353,25.9133325096276,-0.015784257577768
"1946",2019-04-25,170659189602.1,25.8629343614329,-0.0165332387166349
"1947",2019-04-26,169972976895.949,25.8589053019257,-0.0165915020862608
"1948",2019-04-27,170998430076.722,25.864920212569,-0.016504435266935
"1949",2019-04-28,170297084826.267,25.8608103065958,-0.016563983475816
"1950",2019-04-29,168793554195.465,25.8519422323333,-0.0166916417953155
"1951",2019-04-30,170017055714.404,25.859164596696,-0.0165877595433593
"1952",2019-05-01,173582604382.061,25.8799194289793,-0.0162850241406466
"1953",2019-05-02,175302293768.933,25.8897777136079,-0.0161390127108216
"1954",2019-05-03,181514048829.291,25.9245988916739,-0.0156115993040693
"1955",2019-05-04,184082814129.285,25.9386515700908,-0.0153934964901539
"1956",2019-05-05,181922027957.077,25.9268440144078,-0.0155769595509595
"1957",2019-05-06,181895546864.651,25.926698440943,-0.0155792079466278
"1958",2019-05-07,184541716517.958,25.9411413806573,-0.0153545330619722
"1959",2019-05-08,185156095291.451,25.9444650645929,-0.0153023688026259
"1960",2019-05-09,189239503464.446,25.9662792638655,-0.0149556641765173
"1961",2019-05-10,192121224800.793,25.981392388909,-0.0147109896115118
"1962",2019-05-11,213639632828.776,26.0875564737719,-0.0128839541319012
"1963",2019-05-12,211914045097.743,26.0794465817501,-0.0130304663647615
"1964",2019-05-13,224914560283.558,26.1389864349613,-0.011926648532754
"1965",2019-05-14,234097272521.963,26.1790025604654,-0.0111469839294617
"1966",2019-05-15,247621276531.653,26.2351663051298,-0.00999871891283181
"1967",2019-05-16,250590089541.623,26.2470843317055,-0.00974664976838159
"1968",2019-05-17,235281712464.388,26.184049409576,-0.0110464182279718
"1969",2019-05-18,229810794898.573,26.1605221764474,-0.0115109303092452
"1970",2019-05-19,248222456934.234,26.237591184811,-0.0099476752703963
"1971",2019-05-20,248768936962.584,26.2397903385803,-0.00990127600148216
"1972",2019-05-21,247108367064.211,26.2330928104127,-0.010042267849799
"1973",2019-05-22,242198112436.789,26.2130218746279,-0.0104591764522642
"1974",2019-05-23,243766406808.69,26.2194762545435,-0.0103260193220429
"1975",2019-05-24,248506182507.736,26.2387335614804,-0.00992358535219293
"1976",2019-05-25,251047524153.874,26.2489080974142,-0.00970781096278327
"1977",2019-05-26,264221171158.904,26.300052358901,-0.00858929325260894
"1978",2019-05-27,272634636713.187,26.331398408714,-0.00787494207690081
"1979",2019-05-28,274186560491.136,26.3370745893473,-0.00774317490340564
"1980",2019-05-29,268994455021.607,26.3179566030332,-0.00818401424869426
"1981",2019-05-30,266663794014.163,26.3092545034413,-0.00838190065116448
"1982",2019-05-31,269459710113.798,26.3196847174693,-0.00814451143977843
"1983",2019-06-01,272929204028.882,26.3324782725991,-0.00784993163299583
"1984",2019-06-02,275206072454.805,26.3407860083683,-0.0076566125272722
"1985",2019-06-03,264523781927.544,26.3011969969724,-0.00856359987370759
"1986",2019-06-04,249083292877.749,26.2410531870245,-0.00987458539270267
"1987",2019-06-05,248636446626.827,26.2392576127866,-0.00991252518607882
"1988",2019-06-06,251210572879.835,26.2495573601445,-0.00969396719669943
"1989",2019-06-07,256724598891.712,26.2712697476251,-0.00922579496267103
"1990",2019-06-08,255724532034.589,26.2673666553322,-0.0093107063384368
"1991",2019-06-09,247728954547.942,26.2356010602232,-0.00998957643556868
"1992",2019-06-10,252998460706.492,26.2566492414914,-0.00954216533065902
"1993",2019-06-11,254771070688.587,26.2636312168696,-0.00939166064069369
"1994",2019-06-12,259733777458.141,26.2829230105313,-0.00897029855242544
"1995",2019-06-13,262701164689.949,26.2942829671642,-0.00871835046466699
"1996",2019-06-14,273209289768.97,26.3335039676117,-0.00782615075739351
"1997",2019-06-15,276357811394.209,26.3449622811342,-0.00755882332730889
"1998",2019-06-16,280787381525.942,26.3608635705027,-0.00718272757805196
"1999",2019-06-17,288625433597.777,26.3883956069076,-0.00651723228640892
"2000",2019-06-18,285940032689.722,26.3790479498711,-0.00674523812818005
"2001",2019-06-19,287560185723.658,26.3846980169224,-0.00660767790199829
"2002",2019-06-20,295475810655.888,26.4118528114094,-0.00593559623240326
"2003",2019-06-21,307276524584.673,26.4510139106645,-0.00493364836504304
"2004",2019-06-22,321672601377.371,26.4968000993249,-0.00371133939900543
"2005",2019-06-23,328211200525.748,26.5169231421552,-0.00315617506642558
"2006",2019-06-24,330849843801.779,26.5249304652925,-0.00293213921409508
"2007",2019-06-25,345749072243.803,26.5689791241726,-0.00166710980546034
"2008",2019-06-26,369409729732.653,26.6351722436518,0.000341814862518268
"2009",2019-06-27,329643798815.198,26.5212785109082,-0.00303453930696556
"2010",2019-06-28,344228183166.478,26.5645705975766,-0.00179624195599911
"2011",2019-06-29,343065504251.21,26.5611872403724,-0.00189496002226251
"2012",2019-06-30,321603767934.09,26.4965860903956,-0.00371718375063661
"2013",2019-07-01,310960730450.486,26.4629324725051,-0.00462083828995394
"2014",2019-07-02,314454765930.638,26.4741060742232,-0.00432417476442952
"2015",2019-07-03,336082364119.63,26.5406220981783,-0.00248786841785097
"2016",2019-07-04,323101386946.648,26.5012320023911,-0.0035900273612176
"2017",2019-07-05,316354244618.857,26.4801284499263,-0.00416289819826215
"2018",2019-07-06,321816117603.765,26.4972461560297,-0.00369915405345475
"2019",2019-07-07,327197148395.214,26.5138287264635,-0.00324227387160912
"2020",2019-07-08,343565563696.313,26.5626437999627,-0.00185250212542695
"2021",2019-07-09,348205021918.471,26.5760572866879,-0.00145858568109562
"2022",2019-07-10,338213969521.691,26.5469445780625,-0.00230688297073846
"2023",2019-07-11,316302628898.908,26.4799652786332,-0.00416728066705491
"2024",2019-07-12,318959366283.431,26.4883295531961,-0.00394170852179128
"2025",2019-07-13,313574803636.483,26.4713037766479,-0.00439888857829759
"2026",2019-07-14,286299037612.305,26.3803026875789,-0.00671475656420651
"2027",2019-07-15,291610047382.019,26.3986832925299,-0.00626382156617095
"2028",2019-07-16,263512900310.982,26.2973681612664,-0.00864942948418537
"2029",2019-07-17,261788118327.667,26.2908013048532,-0.00879587330447231
"2030",2019-07-18,284317231610.978,26.3733564644278,-0.0068830231884577
"2031",2019-07-19,285900559782.849,26.3789098942401,-0.0067485896029381
"2032",2019-07-20,289576261039.035,26.3916845225478,-0.00643650161767606
"2033",2019-07-21,290545130685.311,26.395024756371,-0.00635423906291076
"2034",2019-07-22,284401832718.845,26.3736539790138,-0.00687584007223992
"2035",2019-07-23,274433203652.88,26.3379737300436,-0.00772223349330113
"2036",2019-07-24,271704319845.431,26.327980252573,-0.00795393128104921
"2037",2019-07-25,273995900604.908,26.3363789819266,-0.00775936301435806
"2038",2019-07-26,273010268713.092,26.3327752457576,-0.00784304877930138
"2039",2019-07-27,265174721326.816,26.3036547714345,-0.00850833140886577
"2040",2019-07-28,264747943858.745,26.3020440550474,-0.00854456724820151
"2041",2019-07-29,263985518087.651,26.2991600828595,-0.00860930154139586
"2042",2019-07-30,265189078836.817,26.3037089135535,-0.00850711237444011
"2043",2019-07-31,276198556499.841,26.3443858516221,-0.00757234497546858
"2044",2019-08-01,282822329891.667,26.3680847278646,-0.00700994886419358
"2045",2019-08-02,285165729403.235,26.3763363548836,-0.00681098089012372
"2046",2019-08-03,290018293593.802,26.3932098392953,-0.00639897053453775
"2047",2019-08-04,293404067201.126,26.4048165648671,-0.00611149905902404
"2048",2019-08-05,310007135065.75,26.4598611505019,-0.0047018039728632
"2049",2019-08-06,303853561413.933,26.4398117164199,-0.00522427744644204
"2050",2019-08-07,310771039121.091,26.4623222693771,-0.00463694416491132
"2051",2019-08-08,310759527383.633,26.4622852261871,-0.00463792157702931
"2052",2019-08-09,306937310337.741,26.4499093628275,-0.0049624495878625
"2053",2019-08-10,294557923227.263,26.4087415039829,-0.00601353010633139
"2054",2019-08-11,300155008729.863,26.4275648739275,-0.00553830564816674
"2055",2019-08-12,297835254640.145,26.4198063338032,-0.00573526599116116
"2056",2019-08-13,287729249858.077,26.3852857702474,-0.0065933233934533
"2057",2019-08-14,268198534235.001,26.3149933425852,-0.0082515924596008
"2058",2019-08-15,268223120618.35,26.3150850107091,-0.00824950493553142
"2059",2019-08-16,269582692142.519,26.3201410156393,-0.00813406956463893
"2060",2019-08-17,267154255117.143,26.3110920630435,-0.0083402577082782
"2061",2019-08-18,270168494470.531,26.3223116548989,-0.00808433160837727
"2062",2019-08-19,283368085363.001,26.3700125444636,-0.00696361111429958
"2063",2019-08-20,280599178655.405,26.3601930775093,-0.0071987070743692
"2064",2019-08-21,267064464848.352,26.310755907584,-0.00834788141383263
"2065",2019-08-22,265844140454.703,26.3061760358591,-0.0084514939097446
"2066",2019-08-23,274048942951.775,26.3365725512947,-0.0077548594168093
"2067",2019-08-24,268043925803.624,26.3144167062791,-0.0082647195965714
"2068",2019-08-25,265371358055.026,26.3043960331075,-0.00849163582996575
"2069",2019-08-26,269776141641.588,26.320858347016,-0.00811764459965773
"2070",2019-08-27,266616564585.784,26.3090773754907,-0.00838591069880453
"2071",2019-08-28,256314626211.978,26.2696715354536,-0.00926060397970292
"2072",2019-08-29,248059733113.637,26.2369354134386,-0.009961491450163
"2073",2019-08-30,248726046862.752,26.2396179143295,-0.00990491761539778
"2074",2019-08-31,249825135163.588,26.2440270507272,-0.00981159875471627
"2075",2019-09-01,251863424761.665,26.2521528123101,-0.00963853635118876
"2076",2019-09-02,262852946297.306,26.2948605731934,-0.00870546334116635
"2077",2019-09-03,270363223804.402,26.323032165225,-0.00806779797812731
"2078",2019-09-04,269228508839.112,26.3188263311867,-0.00816414174566502
"2079",2019-09-05,268022189885.371,26.3143356121094,-0.00826656509990873
"2080",2019-09-06,263530124882.639,26.2974335243234,-0.00864796701988513
"2081",2019-09-07,265769459521.37,26.3058950764034,-0.00845783474660724
"2082",2019-09-08,266796819086.381,26.309753228452,-0.00837060606439471
"2083",2019-09-09,266141152529.191,26.3072926535899,-0.0084262758918849
"2084",2019-09-10,261951864699.403,26.2914266013071,-0.00878197030428608
"2085",2019-09-11,261884055680.074,26.2911677071875,-0.00878772767648531
"2086",2019-09-12,265870617705.895,26.3062756277956,-0.00844924584021886
"2087",2019-09-13,265314250853.15,26.3041808126412,-0.00849648455687123
"2088",2019-09-14,266229193144.23,26.3076234031012,-0.00841880074190566
"2089",2019-09-15,266254946184.673,26.3077201310169,-0.0084166141619999
"2090",2019-09-16,266530013554.882,26.3087526954301,-0.00839325937460112
"2091",2019-09-17,267088989686.961,26.310847734524,-0.00834579911526243
"2092",2019-09-18,269040153894.925,26.3181264763933,-0.00818013415390187
"2093",2019-09-19,273991229235.947,26.3363619327344,-0.007759759640206
"2094",2019-09-20,271525315224.411,26.3273212140525,-0.00796912979355958
"2095",2019-09-21,267286831846.411,26.3115881953028,-0.00832900118838007
"2096",2019-09-22,266831276679.188,26.3098823730496,-0.00836768041838415
"2097",2019-09-23,257501695298.269,26.2742921407111,-0.00915981504891482
"2098",2019-09-24,235385287029.174,26.1844895278191,-0.0110376241571278
"2099",2019-09-25,222213899989.546,26.126906268404,-0.0121559499833594
"2100",2019-09-26,215205413706.907,26.0948588215482,-0.012751010411626
"2101",2019-09-27,216679977316.7,26.1016873430504,-0.0126258115572994
"2102",2019-09-28,217721128118.405,26.1064808520092,-0.0125374119204924
"2103",2019-09-29,214697465878.507,26.0924957386805,-0.012794138077161
"2104",2019-09-30,218829589264.819,26.1115591326508,-0.0124432972518033
"2105",2019-10-01,222568525767.347,26.1285008721131,-0.0121258402337355
"2106",2019-10-02,222545432289.549,26.1283971077741,-0.0121278010016153
"2107",2019-10-03,219005122641.174,26.1123609575449,-0.0124283934677484
"2108",2019-10-04,218327696181.841,26.1092629645658,-0.0124859108349448
"2109",2019-10-05,217907104307.779,26.107334681889,-0.0125216214820962
"2110",2019-10-06,212789288733.968,26.0835682582503,-0.0129561531918442
"2111",2019-10-07,218770924093.889,26.1112910106103,-0.0124482782591607
"2112",2019-10-08,221255996572.673,26.1225862236205,-0.0122372814427495
"2113",2019-10-09,230129204640.769,26.1619067474496,-0.0114838955074472
"2114",2019-10-10,231024530005.625,26.1657897323309,-0.0114078772813191
"2115",2019-10-11,223354891530.571,26.132027785246,-0.0120590732987702
"2116",2019-10-12,222986462375.043,26.1303768997254,-0.0120903550338316
"2117",2019-10-13,223578029346.158,26.1330263146615,-0.0120401276265165
"2118",2019-10-14,225523042836.573,26.1416881761966,-0.0118749848961301
"2119",2019-10-15,223159855578.629,26.1311541927584,-0.0120756329626419
"2120",2019-10-16,218274797333.794,26.1090206441526,-0.0124904022486258
"2121",2019-10-17,219719685927.747,26.1156184159994,-0.0123677229722685
"2122",2019-10-18,218185059338.254,26.1086094356741,-0.0124980215158834
"2123",2019-10-19,217019482344.968,26.1032529668484,-0.0125969856454873
"2124",2019-10-20,222085992460.5,26.1263304972424,-0.0121668100615479
"2125",2019-10-21,222968681651.706,26.13029715752,-0.012091864718579
"2126",2019-10-22,219789380719.577,26.1159355643711,-0.0123618054872365
"2127",2019-10-23,207412101855.376,26.0579734813547,-0.0134127070035811
"2128",2019-10-24,204226693767.668,26.0424964577752,-0.0136831663045532
"2129",2019-10-25,229236688131.595,26.1580208793593,-0.0115596752457196
"2130",2019-10-26,244416488682.126,26.2221395279343,-0.0102708236660318
"2131",2019-10-27,249954758605.059,26.2445457728526,-0.00980059298578345
"2132",2019-10-28,246328855151.312,26.2299332897026,-0.0101084528538101
"2133",2019-10-29,250924187273.598,26.2484166877194,-0.00971828296684205
"2134",2019-10-30,247218454789.269,26.2335382150398,-0.0100329207745279
"2135",2019-10-31,246063772343.195,26.2288565764501,-0.0101309598949832
"2136",2019-11-01,247266550480.563,26.2337327434519,-0.0100288371762294
"2137",2019-11-02,248745567901.855,26.2396963953464,-0.00990326016792334
"2138",2019-11-03,247749377848.974,26.2356834989484,-0.00998784238091427
"2139",2019-11-04,250936540416.562,26.2484659170864,-0.00971723411460121
"2140",2019-11-05,251092177734.805,26.2490859506327,-0.00970401961927181
"2141",2019-11-06,252915379564.581,26.2563208016028,-0.00954921939310453
"2142",2019-11-07,251050187943.167,26.2489187080553,-0.00970758479189076
"2143",2019-11-08,241581783772.483,26.2104739018718,-0.0105115062684534
"2144",2019-11-09,240255972723.129,26.2049707449379,-0.0106240751826258
"2145",2019-11-10,245480239226.947,26.2264822889941,-0.0101805051822334
"2146",2019-11-11,240669557877.816,26.2066907004417,-0.0105889594458821
"2147",2019-11-12,241022805811.121,26.2081573958816,-0.0105589666831086
"2148",2019-11-13,241016781283.203,26.2081323998934,-0.010559478199864
"2149",2019-11-14,238413204074.37,26.1972711568218,-0.0107805367432402
"2150",2019-11-15,233911986906.101,26.1782107572187,-0.0111627157342309
"2151",2019-11-16,233351527044.413,26.1758118533294,-0.0112103019706695
"2152",2019-11-17,233706824160.267,26.1773332785795,-0.0111801352206188
"2153",2019-11-18,227466021482.452,26.1502667080616,-0.0117100149356418
"2154",2019-11-19,223500271614.257,26.1326784662756,-0.0120467297011129
"2155",2019-11-20,221663656350.177,26.1244270084668,-0.0122026688042986
"2156",2019-11-21,210709777263.253,26.0737475603973,-0.013132715567291
"2157",2019-11-22,200989674108.652,26.0265193710921,-0.0139580077220748
"2158",2019-11-23,199196021460.95,26.0175552093119,-0.0141102990542769
"2159",2019-11-24,192847153435.754,25.9851637609823,-0.0146493541331802
"2160",2019-11-25,193273224880.226,25.9873706976856,-0.0146131782392717
"2161",2019-11-26,195114642963.454,25.9968531353903,-0.0144568313493681
"2162",2019-11-27,202157606957.449,26.0323134625871,-0.0138588435669115
"2163",2019-11-28,202150938551.968,26.0322804758716,-0.0138594097525415
"2164",2019-11-29,207738500361.64,26.0595459158967,-0.013384993910184
"2165",2019-11-30,205606876573.245,26.049231816336,-0.0135659809184011
"2166",2019-12-01,201825811154.882,26.0306708413195,-0.013887014921525
"2167",2019-12-02,199523279793.104,26.0191967571608,-0.0140825129567614
"2168",2019-12-03,198337058404.336,26.0132337355182,-0.0141832299131986
"2169",2019-12-04,196818385094.343,26.005547237396,-0.0143121739324628
"2170",2019-12-05,199278420612.999,26.0179687824022,-0.0141033028966574
"2171",2019-12-06,202152866501.663,26.0322900130052,-0.0138592460586246
"2172",2019-12-07,202521251323.525,26.0341106627942,-0.0138279680877442
"2173",2019-12-08,203244738689.155,26.0376766991311,-0.0137665398870921
"2174",2019-12-09,200438848936.871,26.0237750443397,-0.0140047759184301
"2175",2019-12-10,197269264540.147,26.0078354575062,-0.0142738916978551
"2176",2019-12-11,195443168588.23,25.9985354763526,-0.0144289376514864
"2177",2019-12-12,195694924846.969,25.9998227776804,-0.0144075621103064
"2178",2019-12-13,196442831619.846,26.0036372926941,-0.0143440605628076
"2179",2019-12-14,193285461708.256,25.987434009304,-0.0146121392628317
"2180",2019-12-15,193268413983.427,25.9873458056879,-0.0146135867118283
"2181",2019-12-16,188222043248.628,25.9608881839585,-0.0150420523475648
"2182",2019-12-17,179785151277.012,25.9150283709074,-0.0157583925596167
"2183",2019-12-18,189602056465.08,25.9681932730433,-0.0149248813604959
"2184",2019-12-19,189685897491.287,25.9686353700132,-0.0149177627795429
"2185",2019-12-20,189741692510.745,25.9689294710292,-0.0149130254644031
"2186",2019-12-21,189573673247.966,25.9680435629488,-0.014927291257391
"2187",2019-12-22,195493786422.579,25.998794432862,-0.0144246399088682
"2188",2019-12-23,193836764839.28,25.9902822234644,-0.0145653304850127
"2189",2019-12-24,191240754474.753,25.9767989658688,-0.0147857465601824
"2190",2019-12-25,190102707766.609,25.9708303302458,-0.0148823732116767
"2191",2019-12-26,189778634251.41,25.9691241469829,-0.0149098889000818
"2192",2019-12-27,190820538095.085,25.9745992321754,-0.0148214253257196
"2193",2019-12-28,192817098283.414,25.9850078992333,-0.0146519059869046
"2194",2019-12-29,195507859859.214,25.9988664194471,-0.0144234449938904
"2195",2019-12-30,193037255943.866,25.9861490432008,-0.0146332133468064
"2196",2019-12-31,191058788696.959,25.975847011859,-0.0148011964917791
"2197",2020-01-01,190945626418.303,25.9752545460262,-0.0148108046141732
"2198",2020-01-02,186549030555.202,25.9519599398979,-0.0151841006600957
"2199",2020-01-03,192760045569.717,25.984711965125,-0.0146567500874532
"2200",2020-01-04,195516828321.618,25.9989122910387,-0.0144226835203191
"2201",2020-01-05,196064088431.587,26.0017074245238,-0.0143762180180296
"2202",2020-01-06,204563837428.562,26.0441459271812,-0.0136545408862891
"2203",2020-01-07,214564967248.354,26.091878407071,-0.0128053879659992
"2204",2020-01-08,212333354223.987,26.0814233022366,-0.0129948646302105
"2205",2020-01-09,206970641938.618,26.05584279377,-0.0134501894664889
"2206",2020-01-10,212375345793.93,26.0816210451605,-0.0129912993066034
"2207",2020-01-11,213804069213.435,26.08832586816,-0.0128699925456853
"2208",2020-01-12,216475319959.63,26.1007423823234,-0.0126431881333009
"2209",2020-01-13,216547734692.653,26.1010768436549,-0.0126370397097602
"2210",2020-01-14,231612999077.68,26.1683337083486,-0.0113579129032899
"2211",2020-01-15,242003035037.431,26.2122161045014,-0.0104757396352577
"2212",2020-01-16,238962797242.076,26.1995737166866,-0.0107338731510523
"2213",2020-01-17,243039568715.157,26.2164901012497,-0.0103877320185905
"2214",2020-01-18,245251508363.202,26.2255500856816,-0.0101999257361517
"2215",2020-01-19,238765392653.204,26.1987472860749,-0.0107506339256988
"2216",2020-01-20,236755070151.871,26.1902919844195,-0.0109213217633222
"2217",2020-01-21,239645073911.048,26.2024248069936,-0.0106759439734152
"2218",2020-01-22,239153864713.041,26.2003729671472,-0.0107176504338328
"2219",2020-01-23,233426358294.731,26.1761324822766,-0.0112039483710381
"2220",2020-01-24,230902868132.362,26.1652629747644,-0.0114182070677364
"2221",2020-01-25,229417190302.298,26.1588079747639,-0.0115443495827063
"2222",2020-01-26,234355619999.54,26.1801055422503,-0.0111250487562375
"2223",2020-01-27,241990604058.137,26.2121647361433,-0.0104767950962466
"2224",2020-01-28,252586710457.269,26.2550204344624,-0.00957712527347129
"2225",2020-01-29,253572088781.178,26.2589139934413,-0.00949346103788838
"2226",2020-01-30,259445627205.771,26.2818129885259,-0.00899476415108191
"2227",2020-01-31,257058602676.878,26.2725699218277,-0.00919743613775103
"2228",2020-02-01,257286551195.805,26.273456285905,-0.00917808200936647
"2229",2020-02-02,257988949310.495,26.2761825888208,-0.0091184444063114
"2230",2020-02-03,258562354967.391,26.2784027202489,-0.00906975899807875
"2231",2020-02-04,256673117680.401,26.2710691966299,-0.00923016601091382
"2232",2020-02-05,266980974438.603,26.3104432360235,-0.00835497022545013
"2233",2020-02-06,274169066269.04,26.3370107832286,-0.0077446602625649
"2234",2020-02-07,277815944242.136,26.3502246602998,-0.00743501953830721
"2235",2020-02-08,280570725098.259,26.3600916695151,-0.00720112294353384
"2236",2020-02-09,286874413963.306,26.3823103749297,-0.00666590383281293
"2237",2020-02-10,283656788950.522,26.3710308546844,-0.00693909853433516
"2238",2020-02-11,292160226930.517,26.4005682110864,-0.00621710818691192
"2239",2020-02-12,299704394714.698,26.4260624748742,-0.00557656534620038
"2240",2020-02-13,300691166290.927,26.4293495493592,-0.0054927828155551
"2241",2020-02-14,304598282737.592,26.4422596396292,-0.00516104636173639
"2242",2020-02-15,296882956021.57,26.4166038106068,-0.0058161215712328
"2243",2020-02-16,291139516489.215,26.3970684273314,-0.0063037723206268
"2244",2020-02-17,284455991518.089,26.3738443914406,-0.00687124168152142
"2245",2020-02-18,294190219449.654,26.4074923999984,-0.00604475025267324
"2246",2020-02-19,283739829779.81,26.371323562914,-0.0069320478946611
"2247",2020-02-20,278870217696.635,26.3540123409967,-0.00734550571348907
"2248",2020-02-21,280700049029.896,26.3605524949843,-0.00719014260469302
"2249",2020-02-22,280585092277.213,26.3601428751821,-0.00719990308815903
"2250",2020-02-23,286686085462.321,26.3816536752164,-0.00668189399587121
"2251",2020-02-24,282366983986.211,26.3664734235006,-0.00704861032668106
"2252",2020-02-25,271395383449.873,26.3268425740694,-0.007980161741727
"2253",2020-02-26,254699640967.523,26.2633508093019,-0.00939772543110535
"2254",2020-02-27,249031173667.744,26.2408439210276,-0.00987901061067073
"2255",2020-02-28,249059476129.398,26.240957564846,-0.00987660757037443
"2256",2020-02-29,244716281563.751,26.2233653420175,-0.0102453695417977
"2257",2020-03-01,243703348612.963,26.2192175382011,-0.0103313733222423
"2258",2020-03-02,251879135792.946,26.2522151895342,-0.00963720239509248
"2259",2020-03-03,251536126108.359,26.2508524587486,-0.00966632587219988
"2260",2020-03-04,250886164395.653,26.248265144899,-0.00972151132588017
"2261",2020-03-05,256521705046.167,26.2704791180402,-0.00924302180649343
"2262",2020-03-06,261600836127.791,26.2900856527315,-0.00881177463060329
"2263",2020-03-07,257630789667.889,26.2747933491423,-0.00914885420119744
"2264",2020-03-08,234751863588.588,26.1817948936128,-0.0110914054172499
"2265",2020-03-09,224651427644.368,26.137815827414,-0.0119489899934707
"2266",2020-03-10,224523108716.864,26.1372444729822,-0.011959885001733
"2267",2020-03-11,224330675833.905,26.1363870316444,-0.0119762236502126
"2268",2020-03-12,159915791194.604,25.7979132085994,-0.0174454144703691
"2269",2020-03-13,153033754279.616,25.7539243502133,-0.0180297386266599
"2270",2020-03-14,149943533932.024,25.733524619718,-0.0182921159460008
"2271",2020-03-15,152143032474.858,25.7480869184509,-0.018105365984299
"2272",2020-03-16,145075532692.369,25.7005203588576,-0.0187054369950334
"2273",2020-03-17,149570419469.381,25.7310331521158,-0.0183237954903387
"2274",2020-03-18,151867142299.262,25.7462719117555,-0.0181287906325645
"2275",2020-03-19,168801261881.09,25.8519878946792,-0.0166909873688782
"2276",2020-03-20,173323715926.134,25.8784268732729,-0.0163070052460158
"2277",2020-03-21,172037552534.792,25.8709786186203,-0.0164162078480625
"2278",2020-03-22,165868449176.382,25.8344608362877,-0.0169399998822382
"2279",2020-03-23,176446914102.152,25.8962858981199,-0.0160418279210938
"2280",2020-03-24,184353048302.556,25.9401184968984,-0.0153705520687205
"2281",2020-03-25,184492000714.527,25.9408719429262,-0.0153587542170245
"2282",2020-03-26,185604395377.275,25.9468833390077,-0.0152643055703808
"2283",2020-03-27,179641953865.309,25.9142315616672,-0.0157705508359831
"2284",2020-03-28,174480660080.425,25.8850797419621,-0.016208774093643
"2285",2020-03-29,168102407127.519,25.8478391968749,-0.0167503241203799
"2286",2020-03-30,175975031480.469,25.8936079553323,-0.0160818934450352
"2287",2020-03-31,178935557491.484,25.9102915639525,-0.0158305279140257
"2288",2020-04-01,182722119370.682,25.9312323623545,-0.0155090272300514
"2289",2020-04-02,187720987051.056,25.9582225859616,-0.0150845948743657
"2290",2020-04-03,189221730199.536,25.9661853400322,-0.0149571732280018
"2291",2020-04-04,192317061382.917,25.9824112083456,-0.0146943619695747
"2292",2020-04-05,191404035592.6,25.9776524003438,-0.0147718830627029
"2293",2020-04-06,203566645960.512,26.0392592867906,-0.0137392081251352
"2294",2020-04-07,204941848969.838,26.0459921122829,-0.0136224455520657
"2295",2020-04-08,208205280063.388,26.0617903533407,-0.0133453616532277
"2296",2020-04-09,209309125205.808,26.0670780641379,-0.0132516389095854
"2297",2020-04-10,199291558362.46,26.0180347068329,-0.0141021874268533
"2298",2020-04-11,196366306413.93,26.0032476622122,-0.0143505579889234
"2299",2020-04-12,197551254663.843,26.0092639049041,-0.0142499491292309
"2300",2020-04-13,196612084002.777,26.0044985076881,-0.014329690070891
"2301",2020-04-14,196269529838.469,26.0027547037581,-0.0143587748717306
"2302",2020-04-15,191341569002.733,25.9773259872398,-0.0147771868321931
"2303",2020-04-16,200391983213.11,26.0235412014303,-0.0140087550854753
"2304",2020-04-17,202747701545.247,26.0352281934794,-0.0138087411733315
"2305",2020-04-18,208512354743.829,26.0632641317958,-0.0133192892627736
"2306",2020-04-19,207105788141.299,26.056495553491,-0.0134387147836539
"2307",2020-04-20,199734757817.666,26.0202561123868,-0.0140645572672174
"2308",2020-04-21,197963517385.442,26.0113485950347,-0.0142149456745933
"2309",2020-04-22,204368154830.243,26.0431888848517,-0.0136711554541236
"2310",2020-04-23,212250270845.502,26.0810319382054,-0.0130019188825539
"2311",2020-04-24,215724720577.533,26.0972689900683,-0.0127069182986683
"2312",2020-04-25,218351914828.528,26.1093738863771,-0.0124838545338138
"2313",2020-04-26,222074064448.681,26.1262767868214,-0.0121678228177316
"2314",2020-04-27,224505006123.928,26.1371638428731,-0.0119614220150438
"2315",2020-04-28,224445045128.913,26.1368967263188,-0.0119665130452512
"2316",2020-04-29,245639824943.15,26.2271321737512,-0.0101669554454144
"2317",2020-04-30,245541388360.668,26.2267313579988,-0.0101753132722784
"2318",2020-05-01,248697481470.145,26.2395030609258,-0.00990734298003048
"2319",2020-05-02,252827643595.418,26.2559738429063,-0.00955666867691266
"2320",2020-05-03,251620541120.66,26.2511880004142,-0.00965915855655622
"2321",2020-05-04,249198587234.96,26.241515954642,-0.00986479624468813
"2322",2020-05-05,251787027685.388,26.251849438903,-0.00964502289836801
"2323",2020-05-06,254345422114.467,26.2619591096827,-0.00942780063049917
"2324",2020-05-07,270489715681.589,26.3234999148488,-0.00805705809684969
"2325",2020-05-08,269218548454.62,26.3187893344779,-0.00816498743907474
"2326",2020-05-09,264948209312.682,26.3028002072765,-0.00852756356980638
"2327",2020-05-10,246670424623.599,26.231318969321,-0.0100794516589351
"2328",2020-05-11,239833261121.972,26.2032097735159,-0.0106599658066884
"2329",2020-05-12,243004630120.335,26.2163463340986,-0.0103906985044134
"2330",2020-05-13,254714808999.353,26.2634103601523,-0.00939643757875709
"2331",2020-05-14,265119334773.172,26.3034458814678,-0.00851303404292999
"2332",2020-05-15,256365678956.291,26.2698706956085,-0.00925626931075013
"2333",2020-05-16,257214932047.111,26.2731778837954,-0.00918416288326353
"2334",2020-05-17,263636856375.076,26.2978384491298,-0.00863890490789151
"2335",2020-05-18,266497788780.934,26.3086317832606,-0.00839599544156519
"2336",2020-05-19,267943585856.02,26.3140422947617,-0.00827323902998194
"2337",2020-05-20,263801079167.123,26.2984611680746,-0.00862496145690573
"2338",2020-05-21,253349252435.859,26.258034818147,-0.00951238111359828
"2339",2020-05-22,254382864722.828,26.2621063104946,-0.00942462153965589
"2340",2020-05-23,256084698146.263,26.2687740788403,-0.00928012618289159
"2341",2020-05-24,248209998801.926,26.2375409941671,-0.00994873303683082
"2342",2020-05-25,249189394220.227,26.2414790636452,-0.00986557678403191
"2343",2020-05-26,249332545767.097,26.2420533675597,-0.00985342240185125
"2344",2020-05-27,256004672572.413,26.2684615334954,-0.00928692081019441
"2345",2020-05-28,265016215208.032,26.3030568505249,-0.00852178948171099
"2346",2020-05-29,264416337480.302,26.3007907337877,-0.00857272251962741
"2347",2020-05-30,271797683547.533,26.3283238159911,-0.0079460041706409
"2348",2020-05-31,269022233599.894,26.3180598659204,-0.00818165568908161
"2349",2020-06-01,282361024389.48,26.3664523174225,-0.00704911633040854
"2350",2020-06-02,272439996738.799,26.3306842313492,-0.00789146812002139
"2351",2020-06-03,273892410529.393,26.336001203921,-0.00776814991158148
"2352",2020-06-04,277380853100.305,26.3486573197352,-0.00747196125592666
"2353",2020-06-05,275202079551.345,26.3407714994863,-0.00765695154753235
"2354",2020-06-06,275587565000.777,26.3421712553321,-0.0076242216359111
"2355",2020-06-07,277307092800.981,26.3483913673189,-0.00747822392571505
"2356",2020-06-08,278397248183.105,26.3523148809581,-0.00738566352074279
"2357",2020-06-09,278468904602.218,26.3525722369462,-0.00737957948237477
"2358",2020-06-10,280869396772.196,26.3611556180663,-0.00717576401622251
"2359",2020-06-11,269087239977.06,26.3183014761528,-0.00817613627717488
"2360",2020-06-12,268651515674.2,26.3166808959226,-0.00821313175377418
"2361",2020-06-13,270363128074.413,26.3230318111457,-0.00806780610614891
"2362",2020-06-14,267675577052.963,26.3130415507854,-0.0082959945048013
"2363",2020-06-15,267932571832.769,26.3140011881624,-0.00827417418332725
"2364",2020-06-16,269858274639.329,26.3211627493887,-0.00811067104005584
"2365",2020-06-17,269545655635.096,26.320003621612,-0.00813721417519822
"2366",2020-06-18,268624320722.894,26.316579663187,-0.00821544076012989
"2367",2020-06-19,266040772156.484,26.3069154127659,-0.00843479875761703
"2368",2020-06-20,267474233500.774,26.3122890752815,-0.0083130897198823
"2369",2020-06-21,266740759719.731,26.3095430863023,-0.0083753658241177
"2370",2020-06-22,275589292888.181,26.3421775251432,-0.00762407492842288
"2371",2020-06-23,276676775671.529,26.3461157869732,-0.00753174144231839
"2372",2020-06-24,269389405495.552,26.3194237738522,-0.00815048070254861
"2373",2020-06-25,267244900514.653,26.3114313053399,-0.00833256139742201
"2374",2020-06-26,265177635826.679,26.3036657622402,-0.00850808395121699
"2375",2020-06-27,260791446204.451,26.2869868681652,-0.00888049644798208
"2376",2020-06-28,261244256514.439,26.28872165535,-0.00884205027200079
"2377",2020-06-29,263636263341.422,26.2978361996934,-0.00863895525982859
"2378",2020-06-30,263504149024.179,26.2973349506262,-0.00865017251831043
"2379",2020-07-01,265298281742.074,26.304120621409,-0.00849784042541298
"2380",2020-07-02,263378548983.416,26.2968581840001,-0.00866083667759285
"2381",2020-07-03,262362609344.395,26.2929933889864,-0.00874709574300419
"2382",2020-07-04,264587620477.724,26.3014383017343,-0.00855817961696762
"2383",2020-07-05,264681042387.763,26.3017913243769,-0.00855024756437376
"2384",2020-07-06,271060298858.179,26.3256071380873,-0.00800861233328096
"2385",2020-07-07,272886330427.469,26.3323211733639,-0.00785357184610164
"2386",2020-07-08,278047307869.983,26.3510571083536,-0.00741537544771192
"2387",2020-07-09,277077907112.038,26.3475645567016,-0.00749768309688486
"2388",2020-07-10,277015429281.416,26.3473390429594,-0.00750298782077928
"2389",2020-07-11,275748552974.86,26.3427552474683,-0.00761055283940635
"2390",2020-07-12,278345655244.465,26.3521295424887,-0.00739004405527253
"2391",2020-07-13,277744551764.455,26.3499676496642,-0.00744108116654339
"2392",2020-07-14,277457387429.674,26.3489331995296,-0.00746546305517764
"2393",2020-07-15,277387152499.94,26.3486800297674,-0.007471426400996
"2394",2020-07-16,275752083407.741,26.3427680504739,-0.00761025308553404
"2395",2020-07-17,275118368723.372,26.3404672737252,-0.00766405907391329
"2396",2020-07-18,276494069119.898,26.3454552078411,-0.00754725426983577
"2397",2020-07-19,277960052310.44,26.3507432435866,-0.00742278394200531
"2398",2020-07-20,277554220463.515,26.3492821401047,-0.00745724137873227
"2399",2020-07-21,281181886028.377,26.3622675781238,-0.00714923189742927
"2400",2020-07-22,287568582829.401,26.3847272177074,-0.00660696493986384
"2401",2020-07-23,291623000634.644,26.3987277113181,-0.00626272176119973
"2402",2020-07-24,291801213620.294,26.399338632109,-0.00624759046304387
"2403",2020-07-25,297469969345.168,26.4185791134594,-0.00576628079454416
"2404",2020-07-26,305388154494.826,26.4448494421248,-0.00509398174789822
"2405",2020-07-27,326295897748.834,26.5110704684435,-0.00331879518790803
"2406",2020-07-28,325153761672.348,26.5075640202316,-0.00341576905008077
"2407",2020-07-29,331570730732.741,26.5271069895227,-0.00287093180516679
"2408",2020-07-30,334111993597.742,26.5347420838921,-0.00265516410472459
"2409",2020-07-31,340075616866.846,26.5524338323784,-0.00214881850120621
"2410",2020-08-01,355475913582.969,26.5967233302599,-0.000841245540404614
"2411",2020-08-02,344497612509.079,26.5653529970686,-0.00177336586927654
"2412",2020-08-03,345322721687.33,26.5677452419209,-0.00170330939756838
"2413",2020-08-04,348281492994.535,26.5762768776627,-0.00145209285091276
"2414",2020-08-05,360255301234.472,26.61007878715,-0.00043544829003395
"2415",2020-08-06,361815060790.813,26.6143990364343,-0.00030301581429549
"2416",2020-08-07,357921613995.458,26.6035798440529,-0.00063359163681164
"2417",2020-08-08,360720502093.962,26.6113692629799,-0.000395950085783547
"2418",2020-08-09,363060519251.216,26.6178353770154,-0.000197269292871654
"2419",2020-08-10,368314002982.76,26.6322016802632,0.000248781416669954
"2420",2020-08-11,361082608000.327,26.6123726001273,-0.000365205230613729
"2421",2020-08-12,361534612099.328,26.6136236197415,-0.000326827506539936
"2422",2020-08-13,372723916025.168,26.6441038110138,0.000623208167013162
"2423",2020-08-14,376417916671.335,26.653965843608,0.000936849874776805
"2424",2020-08-15,379964132083.321,26.6633426959575,0.00123794377389866
"2425",2020-08-16,381770710524.075,26.6716910524102,0.00150839846111048
"2426",2020-08-17,381770710524.075,26.6952513552047,0.0022839524875813
"2427",2020-08-18,381770710524.075,26.6799716643572,0.00177889821579926
"2428",2020-08-19,377519495139.208,26.6568880470549,0.00103038016483183
"2429",2020-08-20,377890753126.797,26.6578709779017,0.00106190208385726
"2430",2020-08-21,371663088806.047,26.6412536055954,0.000533137890227357
"2431",2020-08-22,370402521574.27,26.6378561474012,0.000426108548005713
"2432",2020-08-23,377404269334.368,26.6565827823086,0.00102059683730428
"2433",2020-08-24,380794115787.102,26.6655246875045,0.00130841412060525
"2434",2020-08-25,372394222523.016,26.6432188680588,0.00059521530968628
"2435",2020-08-26,378669487992.964,26.6599295982173,0.00112802111217225
"2436",2020-08-27,369715194792.828,26.6359988023766,0.00036775058703815
"2437",2020-08-28,372347016779.699,26.6430920971996,0.000591207273042962
"2438",2020-08-29,376269964319.271,26.6535727129155,0.000924287876874349
"2439",2020-08-30,381770710524.075,26.6795218335059,0.00176414614880442
"2440",2020-08-31,381770710524.075,26.6887917926645,0.00206949639657455
"2441",2020-09-01,381770710524.075,26.7182995280642,0.00306053599258967
"2442",2020-09-02,381770710524.075,26.6877578766936,0.00203529903515255
"2443",2020-09-03,354057132113.35,26.5927241272089,-0.000961708173115908
"2444",2020-09-04,346385225732.958,26.5708173618387,-0.00161309674865554
"2445",2020-09-05,335909820875.717,26.5401085706357,-0.00250251832262029
"2446",2020-09-06,331255180868.652,26.5261548544827,-0.00289772378701445
"2447",2020-09-07,338160016135.926,26.5467850409218,-0.00231146392068183
"2448",2020-09-08,330771658252.983,26.524694120044,-0.00293877761278411
"2449",2020-09-09,332723467412.275,26.530577553739,-0.00277305789138009
"2450",2020-09-10,340262417624.974,26.5529829734034,-0.00213295805222347
"2451",2020-09-11,344055261153.932,26.5640681243075,-0.00181092402038403
"2452",2020-09-12,347630363471.111,26.5744055782808,-0.00150737745837857
"2453",2020-09-13,345837440613.758,26.5692346767861,-0.00165960682722075
"2454",2020-09-14,351064034511.439,26.5842344782786,-0.00121583921782508
"2455",2020-09-15,353204989504.292,26.5903144321458,-0.00103405993716897
"2456",2020-09-16,353860430424.573,26.5921684080002,-0.000978409267538313
"2457",2020-09-17,356395942225.858,26.5993081470289,-0.000763129865182217
"2458",2020-09-18,356327193357.446,26.5991152281655,-0.000768967035925027
"2459",2020-09-19,357857840481.872,26.6034016508585,-0.000639006371574065
"2460",2020-09-20,103215847543.599,25.3600882396735,-0.0222595628315115
