"","mu","beta","sigma_y","sigma_v","crix"
"2014-08-18",-0.04115,-0.32,0.42075,0.02235,786.4921555
"2014-08-20",-0.0407,-0.3193,0.42,0.02235,880.5010963
"2014-08-22",-0.0397,-0.3331,0.41925,0.02205,882.5566
"2014-08-24",-0.04085,-0.3406,0.4197,0.022,869.3409207
"2014-08-26",-0.0399,-0.337,0.4206,0.0213,872.9780858
"2014-08-28",-0.0387,-0.32805,0.42025,0.02135,866.2610835
"2014-08-30",-0.0367,-0.32795,0.42115,0.02155,857.5924318
"2014-09-01",-0.03525,-0.34465,0.4212,0.0218,814.2321201
"2014-09-03",-0.0352,-0.34225,0.4217,0.02195,811.6338818
"2014-09-05",-0.0337,-0.3572,0.4213,0.022,822.1685513
"2014-09-07",-0.03205,-0.37355,0.4233,0.02205,822.7349399
"2014-09-09",-0.0298,-0.37725,0.424,0.0221,808.1129548
"2014-09-11",-0.0281,-0.3685,0.42395,0.02215,816.5868348
"2014-09-13",-0.02585,-0.38085,0.42405,0.02205,816.6118471
"2014-09-15",-0.02345,-0.3758,0.42285,0.022,813.2662258
"2014-09-17",-0.0209,-0.3725,0.42405,0.0219,785.3543419
"2014-09-19",-0.0189,-0.36555,0.42595,0.0217,680.2144719
"2014-09-21",-0.01715,-0.37175,0.4254,0.02155,685.178632
"2014-09-23",-0.0153,-0.3736,0.42425,0.02135,746.7688196
"2014-09-25",-0.01455,-0.37855,0.4253,0.022,704.7671946
"2014-09-27",-0.0122,-0.3955,0.4264,0.0218,688.1426984
"2014-09-29",-0.01135,-0.4013,0.42615,0.02195,646.2270535
"2014-10-01",-0.00995,-0.39755,0.4278,0.02215,659.2523706
"2014-10-03",-0.00685,-0.40105,0.4277,0.02245,618.411663
"2014-10-05",-0.00555,-0.39855,0.427,0.02285,565.2824686
"2014-10-07",-0.00355,-0.4105,0.42845,0.023,576.0868333
"2014-10-09",-0.0029,-0.4182,0.42985,0.0232,620.1448164
"2014-10-11",-0.0018,-0.4207,0.4307,0.02295,621.403416
"2014-10-13",7e-04,-0.4439,0.4317,0.02295,666.830649
"2014-10-15",0.0027,-0.45625,0.4335,0.0232,674.9876293
"2014-10-17",0.00355,-0.4534,0.4315,0.0232,654.9047858
"2014-10-19",0.00475,-0.45845,0.4336,0.02315,665.5177744
"2014-10-21",0.0047,-0.4636,0.4367,0.023,659.4481674
"2014-10-23",0.003,-0.4621,0.4388,0.023,615.3886954
"2014-10-25",0.0014,-0.4601,0.438,0.02365,598.7981198
"2014-10-27",-0.000400000000000001,-0.46075,0.43825,0.0234,601.4677283
"2014-10-29",-0.0011,-0.46845,0.43785,0.0238,575.3415051
"2014-10-31",-0.00215,-0.4637,0.43765,0.0239,580.3093592
"2014-11-02",-0.0023,-0.4681,0.43965,0.0242,558.5353241
"2014-11-04",-0.0019,-0.4754,0.4412,0.02405,565.9783142
"2014-11-06",-0.00285,-0.4682,0.44105,0.0239,599.346403
"2014-11-08",-0.003,-0.46905,0.44185,0.024,594.1750505
"2014-11-10",-0.0038,-0.4625,0.44045,0.0238,626.2882295
"2014-11-12",-0.00535,-0.46015,0.44145,0.0239,718.113982
"2014-11-14",-0.00505,-0.46585,0.44115,0.0239,679.0341513
"2014-11-16",-0.00635,-0.4562,0.43955,0.02395,666.4636129
"2014-11-18",-0.00715,-0.45225,0.43935,0.024,644.9534572
"2014-11-20",-0.0075,-0.437,0.4396,0.02395,614.6708548
"2014-11-22",-0.0086,-0.4198,0.4388,0.0237,614.5738495
"2014-11-24",-0.01,-0.40025,0.4369,0.02345,661.414861
"2014-11-26",-0.0111,-0.39485,0.4386,0.0234,649.6113359
"2014-11-28",-0.0122,-0.39105,0.436,0.0233,682.6896886
"2014-11-30",-0.0116,-0.39295,0.4338,0.0236,668.5640259
"2014-12-02",-0.01025,-0.39645,0.43155,0.02375,684.540087
"2014-12-04",-0.0096,-0.40485,0.43035,0.0233,663.8817424
"2014-12-06",-0.0094,-0.4056,0.43105,0.02355,677.0737623
"2014-12-08",-0.00855,-0.3996,0.4308,0.0233,652.3532842
"2014-12-10",-0.00755,-0.40125,0.43135,0.02335,636.9236875
"2014-12-12",-0.00695,-0.39165,0.4299,0.0228,647.1638994
"2014-12-14",-0.0068,-0.38605,0.42825,0.0227,647.4933222
"2014-12-16",-0.0061,-0.3808,0.4264,0.02275,627.0666345
"2014-12-18",-0.00595,-0.3852,0.4268,0.0227,620.4296192
"2014-12-20",-0.0056,-0.3845,0.43055,0.0225,633.464061
"2014-12-22",-0.00465,-0.37875,0.431,0.02235,646.606259
"2014-12-24",-0.00435,-0.36345,0.43075,0.02185,625.4374702
"2014-12-26",-0.003,-0.3587,0.43145,0.02145,642.5148802
"2014-12-28",-0.00095,-0.3572,0.4301,0.0208,617.5943186
"2014-12-30",0.000300000000000001,-0.3627,0.42895,0.0211,608.6273641
"2015-01-01",0.00165,-0.3565,0.42855,0.0212,616.1316473
"2015-01-03",0.0032,-0.3587,0.42875,0.0212,562.6183853
"2015-01-05",0.0029,-0.38005,0.42645,0.02065,533.0313055
"2015-01-07",0.0035,-0.3764,0.42645,0.0205,572.9841988
"2015-01-09",0.00415,-0.3866,0.42485,0.02045,561.4904236
"2015-01-11",0.0051,-0.39235,0.42515,0.02035,517.3586271
"2015-01-13",0.0054,-0.3851,0.42565,0.0202,428.9708196
"2015-01-15",0.00725,-0.3905,0.42375,0.02,414.9526423
"2015-01-17",0.00795,-0.39975,0.42295,0.01975,391.8564527
"2015-01-19",0.00875,-0.40685,0.4229,0.01945,419.1765445
"2015-01-21",0.0096,-0.42975,0.42275,0.0194,437.4817769
"2015-01-23",0.0115,-0.45145,0.4224,0.019,452.3410036
"2015-01-25",0.01265,-0.472,0.4231,0.01905,486.258422
"2015-01-27",0.01405,-0.4891,0.4214,0.01895,491.302726
"2015-01-29",0.0154,-0.5003,0.41775,0.0189,442.7601018
"2015-01-31",0.01645,-0.52575,0.41665,0.0186,417.903539
"2015-02-02",0.01715,-0.5556,0.4167,0.0185,450.5393327
"2015-02-04",0.01745,-0.56845,0.41635,0.01845,425.171371
"2015-02-06",0.01725,-0.57355,0.41595,0.0183,427.4006989
"2015-02-08",0.01695,-0.5801,0.4165,0.01775,424.7914831
"2015-02-10",0.01655,-0.6015,0.41615,0.01755,417.8974069
"2015-02-12",0.0164,-0.6159,0.41565,0.0173,421.4065701
"2015-02-14",0.01775,-0.5866,0.4159,0.01755,485.6408987
"2015-02-16",0.0183,-0.5855,0.41615,0.01765,442.6830486
"2015-02-18",0.0178,-0.59245,0.41615,0.01735,440.3476732
"2015-02-20",0.01695,-0.6095,0.41635,0.0171,454.8702829
"2015-02-22",0.01725,-0.6231,0.41605,0.017,439.5756614
"2015-02-24",0.01655,-0.6348,0.4161,0.01695,446.2598087
"2015-02-26",0.01575,-0.63615,0.4156,0.01685,441.9755873
"2015-02-28",0.01475,-0.64195,0.41515,0.0168,469.5931471
"2015-03-02",0.01315,-0.64505,0.4155,0.0168,493.0892133
"2015-03-04",0.0108,-0.6294,0.41595,0.01665,489.4490455
"2015-03-06",0.0096,-0.62455,0.41575,0.01635,491.9397335
"2015-03-08",0.00815,-0.627,0.4163,0.01615,493.8288093
"2015-03-10",0.0072,-0.62585,0.41745,0.0161,517.8795216
"2015-03-12",0.00645,-0.6048,0.4171,0.01615,524.7979569
"2015-03-14",0.00535,-0.5934,0.41765,0.0161,507.0598895
"2015-03-16",0.0041,-0.5881,0.41825,0.01615,520.7797618
"2015-03-18",0.00225,-0.57345,0.4192,0.01625,462.5387724
"2015-03-20",0.00175,-0.5603,0.41885,0.01615,471.1443887
"2015-03-22",0.0015,-0.5501,0.41915,0.01625,481.942197
"2015-03-24",0.001,-0.53395,0.41945,0.01625,443.300883
"2015-03-26",0.00105,-0.5389,0.4196,0.0162,443.3302905
"2015-03-28",0.000400000000000001,-0.54475,0.41955,0.016,451.1114586
"2015-03-30",0.000800000000000001,-0.53965,0.4201,0.01605,441.7096883
"2015-04-01",0.000900000000000001,-0.51345,0.41955,0.01595,437.0940488
"2015-04-03",6e-04,-0.51115,0.42045,0.0157,452.5780392
"2015-04-05",0.000550000000000001,-0.5178,0.42055,0.0153,462.275882
"2015-04-07",0.00085,-0.5213,0.4212,0.01505,452.6231327
"2015-04-09",0.0014,-0.52085,0.42195,0.0147,435.2477173
"2015-04-11",0.0026,-0.5235,0.4213,0.01445,422.0594037
"2015-04-13",0.003,-0.5215,0.4216,0.01435,400.8900332
"2015-04-15",0.00355,-0.509,0.422,0.01425,398.0584298
"2015-04-17",0.0044,-0.4829,0.42195,0.014,397.5428806
"2015-04-19",0.0048,-0.4924,0.42115,0.0138,396.9229963
"2015-04-21",0.00465,-0.50215,0.42165,0.01355,417.3243734
"2015-04-23",0.00515,-0.49385,0.4209,0.0135,418.7714062
"2015-04-25",0.0058,-0.507,0.42135,0.01325,403.469886
"2015-04-27",0.0067,-0.52045,0.4201,0.01295,406.4563669
"2015-04-29",0.00735,-0.5369,0.41945,0.0128,402.2887548
"2015-05-01",0.00745,-0.5319,0.4199,0.01235,413.8612544
"2015-05-03",0.00795,-0.53005,0.4207,0.01225,425.2087923
"2015-05-05",0.0085,-0.5279,0.4201,0.01215,418.2944711
"2015-05-07",0.00945,-0.5399,0.4205,0.01205,418.2639912
"2015-05-09",0.01045,-0.54675,0.4193,0.0119,426.0419919
"2015-05-11",0.0117,-0.5657,0.4195,0.0118,425.7169228
"2015-05-13",0.01355,-0.55665,0.41865,0.01185,414.2606235
"2015-05-15",0.0153,-0.53905,0.41925,0.01195,416.2796263
"2015-05-17",0.01675,-0.52095,0.4185,0.012,413.4259142
"2015-05-19",0.0181,-0.5112,0.418,0.01225,408.1021469
"2015-05-21",0.019,-0.49425,0.4189,0.0124,414.2958956
"2015-05-23",0.0211,-0.49115,0.418,0.0125,421.7362283
"2015-05-25",0.02295,-0.49855,0.41795,0.0125,419.6492565
"2015-05-27",0.0236,-0.49425,0.41825,0.01245,419.8101286
"2015-05-29",0.02465,-0.4769,0.41885,0.01255,427.7956212
"2015-05-31",0.02565,-0.47035,0.4185,0.01245,412.1759782
"2015-06-02",0.02635,-0.4699,0.4182,0.01235,404.1700529
"2015-06-04",0.02755,-0.45105,0.4182,0.01255,401.6024913
"2015-06-06",0.02825,-0.4362,0.4193,0.01275,403.9239004
"2015-06-08",0.02875,-0.43235,0.4209,0.0129,410.0379202
"2015-06-10",0.0292,-0.4315,0.4218,0.013,410.4231949
"2015-06-12",0.02925,-0.43595,0.42165,0.013,412.5752424
"2015-06-14",0.0295,-0.43655,0.42245,0.0133,418.5062619
"2015-06-16",0.0297,-0.42435,0.42235,0.0135,450.9443433
"2015-06-18",0.0296,-0.4027,0.42355,0.01355,451.9165876
"2015-06-20",0.0291,-0.38035,0.424,0.0136,449.3640837
"2015-06-22",0.02815,-0.39005,0.4239,0.01375,450.5259591
"2015-06-24",0.02755,-0.3715,0.42315,0.01385,440.2945765
"2015-06-26",0.0274,-0.363,0.4238,0.0141,444.5299633
"2015-06-28",0.0275,-0.3523,0.4239,0.014,454.829751
"2015-06-30",0.0275,-0.3368,0.42355,0.01425,478.1724949
"2015-07-02",0.027,-0.3263,0.4241,0.0145,463.9785672
"2015-07-04",0.02655,-0.30935,0.42415,0.0145,472.5621986
"2015-07-06",0.02745,-0.3212,0.42435,0.0149,482.6239269
"2015-07-08",0.0274,-0.3143,0.42355,0.01495,482.7691019
"2015-07-10",0.0278,-0.30515,0.4246,0.0152,506.4287137
"2015-07-12",0.0282,-0.3003,0.4258,0.01535,546.4046126
"2015-07-14",0.0285,-0.30225,0.4256,0.0152,507.9742748
"2015-07-16",0.0292,-0.31305,0.42635,0.01525,489.0871457
"2015-07-18",0.02945,-0.31135,0.4276,0.01535,485.5582962
"2015-07-20",0.0302,-0.292,0.42625,0.01565,489.1018767
"2015-07-22",0.03125,-0.2783,0.42585,0.01595,486.2082104
"2015-07-24",0.0322,-0.277,0.4255,0.01565,507.010855
"2015-07-26",0.03305,-0.27965,0.4253,0.01565,513.8088816
"2015-07-28",0.0332,-0.27295,0.42535,0.0158,518.9445071
"2015-07-30",0.03445,-0.2806,0.4263,0.01595,507.3052412
"2015-08-01",0.03535,-0.2692,0.42725,0.0158,495.7627455
"2015-08-03",0.03615,-0.2819,0.4277,0.01585,497.6852716
"2015-08-05",0.03735,-0.28275,0.4284,0.0157,496.8629824
"2015-08-07",0.0382,-0.27735,0.4279,0.01565,491.737641
"2015-08-09",0.0385,-0.289,0.42665,0.0155,470.4018001
"2015-08-11",0.03935,-0.2919,0.42635,0.0153,478.3924913
"2015-08-13",0.03995,-0.3068,0.42575,0.01535,466.4287494
"2015-08-15",0.03965,-0.3011,0.426,0.01525,462.3041661
"2015-08-17",0.04025,-0.29765,0.42645,0.01565,455.5281922
"2015-08-19",0.041,-0.29875,0.42695,0.01575,401.8157571
"2015-08-21",0.04165,-0.30145,0.4277,0.01595,413.0981933
"2015-08-23",0.04195,-0.29465,0.42735,0.01635,403.4735366
"2015-08-25",0.0423,-0.29075,0.4273,0.0164,391.8330883
"2015-08-27",0.0436,-0.27205,0.4263,0.0167,396.1847966
"2015-08-29",0.0456,-0.2774,0.4263,0.0169,406.016113
"2015-08-31",0.0471,-0.2767,0.4259,0.0169,409.2468347
"2015-09-02",0.0485,-0.26995,0.4256,0.01725,406.0111067
"2015-09-04",0.0506,-0.25795,0.42565,0.0178,406.9373223
"2015-09-06",0.05345,-0.2621,0.42485,0.0179,424.4065228
"2015-09-08",0.05425,-0.25325,0.4235,0.01805,431.1798068
"2015-09-10",0.0565,-0.2506,0.4244,0.01845,422.7319318
"2015-09-12",0.05855,-0.2439,0.42395,0.0187,418.106487
"2015-09-14",0.06005,-0.24505,0.42255,0.01865,407.3413049
"2015-09-16",0.06055,-0.2578,0.42285,0.01905,404.6783436
"2015-09-18",0.06225,-0.2557,0.4237,0.01935,411.8034398
"2015-09-20",0.0633,-0.259,0.42375,0.0197,409.5525207
"2015-09-22",0.0656,-0.2588,0.4234,0.01995,406.2989254
"2015-09-24",0.06855,-0.2522,0.4233,0.02025,410.9542043
"2015-09-26",0.07025,-0.25575,0.424,0.0203,411.2135389
"2015-09-28",0.07175,-0.25445,0.4233,0.0206,418.2355858
"2015-09-30",0.07295,-0.27325,0.42165,0.02065,409.8841341
"2015-10-02",0.0747,-0.2768,0.4225,0.02075,412.1737345
"2015-10-04",0.07565,-0.26345,0.4209,0.0208,412.0459327
"2015-10-06",0.07525,-0.27465,0.4199,0.0208,424.7360216
"2015-10-08",0.0742,-0.2721,0.4199,0.0206,419.2348192
"2015-10-10",0.07285,-0.2765,0.42045,0.02035,422.0201794
"2015-10-12",0.0717,-0.2888,0.4209,0.0204,422.3755861
"2015-10-14",0.06935,-0.29705,0.4212,0.02,433.7159043
"2015-10-16",0.0671,-0.2932,0.42085,0.01985,448.8605043
"2015-10-18",0.06555,-0.3115,0.4236,0.01975,446.8851876
"2015-10-20",0.06315,-0.3112,0.42385,0.01955,457.986627
"2015-10-22",0.0611,-0.3075,0.42495,0.0194,464.1316154
"2015-10-24",0.058,-0.3152,0.4258,0.01935,478.534284
"2015-10-26",0.0558,-0.3079,0.4256,0.01895,483.8303101
"2015-10-28",0.0534,-0.3047,0.42725,0.0186,515.1496379
"2015-10-30",0.05125,-0.3047,0.42895,0.0181,551.9386072
"2015-11-01",0.048,-0.29195,0.43085,0.01775,551.0198457
"2015-11-03",0.04545,-0.2876,0.43135,0.01735,668.5540542
"2015-11-05",0.04335,-0.2864,0.43005,0.01675,646.6480107
"2015-11-07",0.0419,-0.29205,0.4295,0.01605,647.075462
"2015-11-09",0.0401,-0.2747,0.4312,0.0157,636.7040588
"2015-11-11",0.03835,-0.27285,0.43005,0.0151,514.8560289
"2015-11-13",0.0374,-0.29285,0.432,0.01495,567.3749774
"2015-11-15",0.03675,-0.2975,0.4339,0.0145,538.8542226
"2015-11-17",0.0362,-0.3325,0.4336,0.01415,563.5485127
"2015-11-19",0.0355,-0.3401,0.4347,0.01415,547.7531007
"2015-11-21",0.0342,-0.3296,0.4358,0.01365,546.7785844
"2015-11-23",0.03395,-0.3361,0.4348,0.01315,542.9241084
"2015-11-25",0.03305,-0.3451,0.4372,0.0129,551.2456816
"2015-11-27",0.0331,-0.3288,0.43395,0.01285,600.02473
"2015-11-29",0.0333,-0.3217,0.43345,0.0125,619.7241967
"2015-12-01",0.03265,-0.35255,0.4326,0.01205,605.8811755
"2015-12-03",0.0329,-0.3583,0.43365,0.012,602.2092502
"2015-12-05",0.0333,-0.3631,0.4361,0.0119,653.3784125
"2015-12-07",0.03345,-0.37605,0.43715,0.0118,659.5909838
"2015-12-09",0.03385,-0.3821,0.43495,0.01175,707.1556047
"2015-12-11",0.0344,-0.38305,0.43465,0.01155,763.6869969
"2015-12-13",0.0338,-0.4162,0.43385,0.0113,738.6111411
"2015-12-15",0.0335,-0.4164,0.43385,0.0112,777.6607506
"2015-12-17",0.0334,-0.4102,0.43565,0.0112,763.4847856
"2015-12-19",0.03385,-0.42185,0.4366,0.01105,770.5187913
"2015-12-21",0.0342,-0.4291,0.43895,0.0111,731.5974614
"2015-12-23",0.0334,-0.442,0.43735,0.01095,738.6439171
"2015-12-25",0.034,-0.44315,0.4383,0.0109,761.1649576
"2015-12-27",0.0341,-0.4211,0.4405,0.0109,709.9821201
"2015-12-29",0.03505,-0.4099,0.43955,0.01085,722.8862384
"2015-12-31",0.03535,-0.4105,0.43865,0.0108,721.3088503
"2016-01-02",0.036,-0.42985,0.4404,0.01085,726.3114857
"2016-01-04",0.03655,-0.43875,0.43845,0.0108,725.0927304
"2016-01-06",0.0372,-0.4383,0.4397,0.01055,722.3530543
"2016-01-08",0.03795,-0.46195,0.4387,0.01055,758.9898307
"2016-01-10",0.03895,-0.43705,0.43905,0.0106,747.7693281
"2016-01-12",0.03975,-0.43725,0.438,0.0105,747.4861255
"2016-01-14",0.04065,-0.42765,0.4357,0.0104,720.3236734
"2016-01-16",0.04115,-0.41565,0.433,0.01035,648.1618399
"2016-01-18",0.0416,-0.41045,0.4348,0.01035,651.3733866
"2016-01-20",0.04225,-0.41335,0.434,0.0104,706.8421895
"2016-01-22",0.0432,-0.39925,0.43515,0.0105,639.0213369
"2016-01-24",0.04405,-0.40315,0.43605,0.01045,685.9812702
"2016-01-26",0.0432,-0.3982,0.4336,0.0103,671.6884937
"2016-01-28",0.04305,-0.38395,0.432,0.0104,657.946197
"2016-01-30",0.04285,-0.3708,0.4302,0.0104,653.2136986
"2016-02-01",0.0431,-0.34635,0.43175,0.01025,641.1914651
"2016-02-03",0.04215,-0.3297,0.42915,0.01015,640.4165657
"2016-02-05",0.0417,-0.3493,0.4277,0.01005,671.0766636
"2016-02-07",0.0407,-0.3551,0.4285,0.0098,661.5524689
"2016-02-09",0.04045,-0.356,0.42855,0.0097,662.9996231
"2016-02-11",0.03905,-0.32265,0.427,0.0097,686.3545995
"2016-02-13",0.0389,-0.3224,0.42975,0.0098,705.8272947
"2016-02-15",0.03825,-0.3223,0.43015,0.00975,720.858669
"2016-02-17",0.03695,-0.30205,0.4304,0.00985,733.4231005
"2016-02-19",0.0358,-0.2987,0.43185,0.0098,743.8081502
"2016-02-21",0.03415,-0.29495,0.4328,0.0098,774.907899
"2016-02-23",0.0332,-0.29765,0.433,0.01,752.4934087
"2016-02-25",0.0321,-0.2892,0.433,0.01005,759.8528377
"2016-02-27",0.03095,-0.28745,0.4351,0.0102,776.9869633
"2016-02-29",0.02975,-0.28775,0.43625,0.0103,783.8023321
"2016-03-02",0.0287,-0.2963,0.4353,0.01025,780.7263242
"2016-03-04",0.0276,-0.3113,0.43525,0.0102,771.4713216
"2016-03-06",0.02795,-0.33795,0.4381,0.0103,772.7177731
"2016-03-08",0.02675,-0.345,0.4392,0.0102,776.9687456
"2016-03-10",0.02515,-0.35455,0.43815,0.01005,796.9004511
"2016-03-12",0.0243,-0.3587,0.43835,0.01025,807.5892722
"2016-03-14",0.0233,-0.36165,0.43925,0.0104,803.3580813
"2016-03-16",0.0229,-0.3401,0.4402,0.0105,807.7106064
"2016-03-18",0.02305,-0.34405,0.44145,0.01045,779.8273743
"2016-03-20",0.023,-0.3395,0.44065,0.01075,780.480914
"2016-03-22",0.02355,-0.34845,0.44165,0.01085,797.5370415
"2016-03-24",0.0239,-0.3529,0.44145,0.0108,795.7252087
"2016-03-26",0.02395,-0.35,0.44195,0.0111,797.961601
"2016-03-28",0.0243,-0.3602,0.44375,0.01105,810.3998546
"2016-03-30",0.0247,-0.3579,0.4429,0.0112,794.9156684
"2016-04-01",0.02535,-0.3642,0.4418,0.0112,799.6877949
"2016-04-03",0.0255,-0.3827,0.44145,0.011,802.4726557
"2016-04-05",0.02585,-0.39785,0.4426,0.01095,800.3127371
"2016-04-07",0.02635,-0.40445,0.44145,0.01075,791.7305844
"2016-04-09",0.0265,-0.4043,0.44145,0.0108,780.9417119
"2016-04-11",0.02615,-0.3873,0.443,0.0108,778.2017608
"2016-04-13",0.0263,-0.3806,0.442,0.011,775.335152
"2016-04-15",0.0261,-0.36575,0.4408,0.01105,787.9214435
"2016-04-17",0.0264,-0.3593,0.4401,0.01095,795.9913841
"2016-04-19",0.0263,-0.356,0.4412,0.0108,806.6784569
"2016-04-21",0.0262,-0.3634,0.4394,0.01065,826.1569544
"2016-04-23",0.02645,-0.36455,0.44015,0.01065,829.8671963
"2016-04-25",0.0249,-0.3548,0.4404,0.01075,838.4134426
"2016-04-27",0.02435,-0.35635,0.44135,0.01085,809.5110845
"2016-04-29",0.02395,-0.36175,0.44365,0.01085,827.1609162
"2016-05-01",0.0233,-0.35835,0.4427,0.0108,832.6903395
"2016-05-03",0.02195,-0.3527,0.4399,0.01085,832.3392956
"2016-05-05",0.02115,-0.36765,0.4396,0.01055,833.460641
"2016-05-07",0.0203,-0.359,0.4395,0.01045,848.03245
"2016-05-09",0.01965,-0.36755,0.43935,0.01045,851.7893358
"2016-05-11",0.01915,-0.3517,0.4411,0.0105,840.7767616
"2016-05-13",0.01835,-0.3397,0.44095,0.01055,852.3605501
"2016-05-15",0.0178,-0.32665,0.44135,0.0106,850.9476333
"2016-05-17",0.0168,-0.31205,0.4414,0.0109,859.9882109
"2016-05-19",0.01575,-0.3249,0.43965,0.0108,862.2698638
"2016-05-21",0.0156,-0.3243,0.43865,0.0108,862.1553945
"2016-05-23",0.0156,-0.32675,0.4418,0.0108,856.5260357
"2016-05-25",0.01495,-0.32705,0.443,0.0107,858.780831
"2016-05-27",0.01445,-0.3296,0.442,0.01095,888.6159885
"2016-05-29",0.01445,-0.33545,0.4429,0.0112,977.6138348
"2016-05-31",0.0145,-0.33165,0.4433,0.0113,1003.406596
"2016-06-02",0.0149,-0.34655,0.4409,0.0115,1014.386464
"2016-06-04",0.0156,-0.35075,0.43905,0.01145,1069.106984
"2016-06-06",0.01565,-0.3474,0.4356,0.01155,1090.48994
"2016-06-08",0.01545,-0.3581,0.43415,0.0114,1091.160507
"2016-06-10",0.0154,-0.3696,0.43425,0.01135,1082.281252
"2016-06-12",0.01535,-0.3656,0.4345,0.0112,1243.383927
"2016-06-14",0.0154,-0.3709,0.4336,0.01115,1296.677201
"2016-06-16",0.0157,-0.3831,0.43185,0.0112,1439.113876
"2016-06-18",0.01535,-0.39585,0.4325,0.01105,1350.866288
"2016-06-20",0.01585,-0.4255,0.43,0.011,1322.653255
"2016-06-22",0.0159,-0.4361,0.43205,0.01095,1096.956951
"2016-06-24",0.01605,-0.44515,0.4302,0.0109,1221.102678
"2016-06-26",0.0164,-0.4697,0.4297,0.0106,1170.375668
"2016-06-28",0.01695,-0.4748,0.4318,0.0105,1193.747514
"2016-06-30",0.01725,-0.48495,0.4301,0.01045,1239.826555
"2016-07-02",0.01705,-0.4796,0.42775,0.01035,1262.380801
"2016-07-04",0.0175,-0.49,0.4248,0.0103,1239.370821
"2016-07-06",0.0184,-0.5046,0.4264,0.01035,1224.397687
"2016-07-08",0.0193,-0.52385,0.42625,0.01025,1216.654059
"2016-07-10",0.02055,-0.541,0.4277,0.0102,1190.892686
"2016-07-12",0.0208,-0.53465,0.4283,0.0099,1239.586917
"2016-07-14",0.02185,-0.5429,0.428,0.0097,1235.705821
"2016-07-16",0.02245,-0.54035,0.4279,0.0097,1246.378147
"2016-07-18",0.024,-0.55755,0.4275,0.00965,1250.042974
"2016-07-20",0.02475,-0.5409,0.4281,0.0097,1270.336452
"2016-07-22",0.0257,-0.53055,0.42795,0.0097,1253.866396
"2016-07-24",0.02705,-0.5353,0.4287,0.00975,1243.112401
"2016-07-26",0.0277,-0.52375,0.4279,0.00975,1210.316574
"2016-07-28",0.0292,-0.52875,0.427,0.00975,1226.432481
"2016-07-30",0.0298,-0.5055,0.4285,0.0098,1221.685342
"2016-08-01",0.0301,-0.4843,0.4266,0.00985,1127.186082
"2016-08-03",0.03165,-0.4928,0.42925,0.00995,1057.894105
"2016-08-05",0.0329,-0.4871,0.42885,0.00995,1082.595007
"2016-08-07",0.0342,-0.47575,0.42605,0.0101,1109.679812
"2016-08-09",0.0356,-0.47625,0.42825,0.01015,1107.032424
"2016-08-11",0.0367,-0.468,0.4279,0.0103,1108.324875
"2016-08-13",0.03765,-0.45515,0.42995,0.01065,1101.952032
"2016-08-15",0.0384,-0.4525,0.42895,0.01035,1071.91455
"2016-08-17",0.03905,-0.4262,0.42775,0.01045,1075.403652
"2016-08-19",0.0391,-0.4133,0.42815,0.01055,1079.514918
"2016-08-21",0.0398,-0.42165,0.4273,0.01075,1091.980299
"2016-08-23",0.03985,-0.409,0.42815,0.011,1093.796782
"2016-08-25",0.0415,-0.4348,0.43075,0.0109,1084.702393
"2016-08-27",0.04075,-0.40485,0.4299,0.011,1070.626383
"2016-08-29",0.0423,-0.4327,0.42975,0.01105,1084.088705
"2016-08-31",0.044,-0.4557,0.4307,0.01115,1084.426512
"2016-09-02",0.0449,-0.45245,0.4316,0.0112,1094.368938
"2016-09-04",0.0461,-0.46055,0.4311,0.01135,1148.865607
"2016-09-06",0.04765,-0.45885,0.4311,0.0116,1150.299078
"2016-09-08",0.0485,-0.45735,0.4307,0.0117,1171.064468
"2016-09-10",0.05055,-0.4857,0.43305,0.0119,1174.292083
"2016-09-12",0.0518,-0.49075,0.43285,0.01195,1142.065981
"2016-09-14",0.05325,-0.47855,0.4323,0.01215,1147.266234
"2016-09-16",0.0551,-0.48865,0.4346,0.0123,1151.154428
"2016-09-18",0.05715,-0.5006,0.43415,0.01235,1151.978183
"2016-09-20",0.05955,-0.5303,0.4364,0.01235,1167.288831
"2016-09-22",0.0619,-0.53685,0.4366,0.0124,1137.223078
"2016-09-24",0.06235,-0.51475,0.436,0.013,1148.39329
"2016-09-26",0.0652,-0.5386,0.43545,0.01325,1155.012769
"2016-09-28",0.06695,-0.52065,0.43345,0.0134,1158.443273
"2016-09-30",0.06905,-0.4962,0.4342,0.0137,1163.354408
"2016-10-02",0.0722,-0.50935,0.43405,0.0139,1162.33881
"2016-10-04",0.0736,-0.48425,0.4313,0.01415,1158.600206
"2016-10-06",0.0776,-0.51355,0.4327,0.0144,1155.859595
"2016-10-08",0.07895,-0.48655,0.4324,0.0145,1157.842852
"2016-10-10",0.0795,-0.4556,0.43155,0.01485,1152.025177
"2016-10-12",0.0802,-0.43335,0.42915,0.0151,1185.108836
"2016-10-14",0.0829,-0.42965,0.43055,0.01525,1191.98446
"2016-10-16",0.08395,-0.4125,0.4298,0.01535,1192.748683
"2016-10-18",0.0861,-0.42545,0.4302,0.0156,1189.742532
"2016-10-20",0.08765,-0.40665,0.42875,0.01585,1177.666844
"2016-10-22",0.0888,-0.3847,0.4279,0.0158,1214.356197
"2016-10-24",0.0892,-0.3761,0.4275,0.0157,1208.36687
"2016-10-26",0.0908,-0.3667,0.42605,0.01585,1241.735674
"2016-10-28",0.0902,-0.3306,0.42455,0.01615,1262.240381
"2016-10-30",0.08925,-0.29785,0.4224,0.0167,1270.016005
"2016-11-01",0.0894,-0.2842,0.42105,0.01675,1314.64956
"2016-11-03",0.09175,-0.3034,0.4214,0.0165,1247.23296
"2016-11-05",0.0924,-0.29895,0.42295,0.0165,1283.136212
"2016-11-07",0.0933,-0.2966,0.4224,0.01675,1284.188215
"2016-11-09",0.0951,-0.3012,0.42325,0.0168,1305.788432
"2016-11-11",0.09725,-0.31545,0.42345,0.01675,1296.024779
"2016-11-13",0.0987,-0.31185,0.4243,0.0171,1274.646216
"2016-11-15",0.09895,-0.2803,0.42325,0.01715,1289.726401
"2016-11-17",0.1018,-0.2943,0.4237,0.01745,1325.900894
"2016-11-19",0.10545,-0.3149,0.4253,0.01735,1341.861116
"2016-11-21",0.1094,-0.3205,0.42515,0.01745,1318.991448
"2016-11-23",0.11075,-0.31295,0.42425,0.01795,1326.891422
"2016-11-25",0.1139,-0.307,0.42435,0.0181,1318.36293
"2016-11-27",0.11635,-0.2981,0.4245,0.0183,1301.211145
"2016-11-29",0.1198,-0.2963,0.4256,0.01825,1298.899128
"2016-12-01",0.12345,-0.30765,0.42645,0.01845,1335.312753
"2016-12-03",0.12695,-0.31695,0.42635,0.01875,1348.77674
"2016-12-05",0.1303,-0.3065,0.42715,0.01895,1317.102757
"2016-12-07",0.13485,-0.3134,0.427,0.0189,1350.218178
"2016-12-09",0.13815,-0.3104,0.4268,0.01895,1364.854831
"2016-12-11",0.14185,-0.3173,0.42605,0.01905,1359.156601
"2016-12-13",0.14555,-0.31295,0.4256,0.0193,1376.216363
"2016-12-15",0.1478,-0.30125,0.426,0.0197,1368.747782
"2016-12-17",0.15055,-0.3079,0.42745,0.0197,1389.66582
"2016-12-19",0.1524,-0.31125,0.42725,0.01945,1393.064098
"2016-12-21",0.153,-0.282,0.4277,0.01995,1450.613045
"2016-12-23",0.1554,-0.2781,0.42705,0.01995,1588.457862
"2016-12-25",0.15815,-0.286,0.4284,0.0198,1554.474914
"2016-12-27",0.1596,-0.27265,0.42835,0.0199,1612.196501
"2016-12-29",0.16125,-0.2598,0.4266,0.0202,1695.375091
"2016-12-31",0.16145,-0.24705,0.42715,0.0203,1688.617567
"2017-01-02",0.16245,-0.24385,0.42695,0.02,1777.585922
"2017-01-04",0.1635,-0.24575,0.4271,0.01995,1987.19312
"2017-01-06",0.1632,-0.2333,0.42575,0.02005,1593.464083
"2017-01-08",0.16325,-0.2282,0.4247,0.0201,1616.232233
"2017-01-10",0.1641,-0.2104,0.4224,0.0208,1619.516888
"2017-01-12",0.1656,-0.2064,0.4236,0.02075,1438.008742
"2017-01-14",0.1646,-0.20265,0.42295,0.02095,1469.408086
"2017-01-16",0.1639,-0.197,0.4231,0.02155,1486.615191
"2017-01-18",0.163,-0.1966,0.42315,0.02155,1564.328999
"2017-01-20",0.16185,-0.18505,0.42355,0.02175,1596.867672
"2017-01-22",0.16015,-0.1693,0.42335,0.0219,1642.997961
"2017-01-24",0.16045,-0.15585,0.42175,0.02175,1585.632276
"2017-01-26",0.1605,-0.1452,0.42035,0.0219,1636.745618
"2017-01-28",0.15985,-0.1343,0.41965,0.02255,1645.550408
"2017-01-30",0.1595,-0.1326,0.4195,0.0224,1650.142729
"2017-02-01",0.15855,-0.1335,0.4194,0.0227,1757.550234
"2017-02-03",0.15875,-0.13025,0.41815,0.0234,1805.894962
"2017-02-05",0.1569,-0.12,0.41765,0.0236,1811.027108
"2017-02-07",0.1546,-0.11955,0.41795,0.02335,1869.778414
"2017-02-09",0.1533,-0.1182,0.41855,0.02355,1749.557673
"2017-02-11",0.1513,-0.1198,0.4193,0.02365,1802.849261
"2017-02-13",0.14885,-0.11615,0.4188,0.0242,1777.551944
"2017-02-15",0.1486,-0.11725,0.419,0.02475,1815.234639
"2017-02-17",0.15015,-0.1236,0.41855,0.02495,1890.038525
"2017-02-19",0.1483,-0.12215,0.4184,0.02535,1885.245268
"2017-02-21",0.14625,-0.1201,0.4171,0.02545,2001.011344
"2017-02-23",0.145,-0.1174,0.4168,0.0255,2103.62325
"2017-02-25",0.1458,-0.12225,0.41715,0.02535,2047.808366
"2017-02-27",0.14825,-0.1316,0.41665,0.025,2135.827828
"2017-03-01",0.14875,-0.1357,0.41755,0.02495,2215.227432
"2017-03-03",0.14835,-0.1375,0.41745,0.02485,2345.507426
"2017-03-05",0.14845,-0.13885,0.4169,0.02465,2317.541299
"2017-03-07",0.1493,-0.139,0.417,0.025,2248.391678
"2017-03-09",0.1507,-0.14105,0.417,0.02485,2172.778481
"2017-03-11",0.1518,-0.1401,0.4163,0.02485,2206.020879
"2017-03-13",0.1502,-0.13565,0.41635,0.02455,2375.375331
"2017-03-15",0.1511,-0.1269,0.4166,0.0241,2469.096568
"2017-03-17",0.1526,-0.1302,0.41655,0.0241,2251.305762
"2017-03-19",0.15415,-0.1205,0.4164,0.02475,2183.457377
"2017-03-21",0.157,-0.1225,0.4153,0.0255,2306.76126
"2017-03-23",0.1584,-0.1182,0.41465,0.0259,2192.294259
"2017-03-25",0.1619,-0.11775,0.4153,0.026,2150.213194
"2017-03-27",0.16475,-0.12355,0.4152,0.0258,2255.370147
"2017-03-29",0.16565,-0.12525,0.4153,0.0261,2287.400008
"2017-03-31",0.1686,-0.1468,0.4156,0.02555,2373.523009
"2017-04-02",0.1734,-0.1495,0.4161,0.02585,2514.041781
"2017-04-04",0.17835,-0.16045,0.4164,0.0264,2465.448703
"2017-04-06",0.18115,-0.1665,0.41625,0.0268,2558.887114
"2017-04-08",0.18265,-0.17015,0.41685,0.02795,2566.78912
"2017-04-10",0.18485,-0.1823,0.41555,0.0285,2591.44745
"2017-04-12",0.18735,-0.19185,0.4159,0.02885,2641.438344
"2017-04-14",0.18885,-0.2004,0.41655,0.02905,2597.485282
"2017-04-16",0.18875,-0.21165,0.4169,0.029,2614.743913
"2017-04-18",0.18765,-0.2173,0.41645,0.02995,2681.231545
"2017-04-20",0.18755,-0.2242,0.41665,0.03135,2723.446755
"2017-04-22",0.18995,-0.22875,0.41675,0.0319,2729.593503
"2017-04-24",0.18855,-0.23135,0.4169,0.03245,2753.620474
"2017-04-26",0.18925,-0.23555,0.41745,0.0329,2855.879138
"2017-04-28",0.18895,-0.24165,0.4174,0.0331,3126.650667
"2017-04-30",0.1872,-0.24485,0.4174,0.0328,3279.401557
"2017-05-02",0.18725,-0.251,0.4176,0.03295,3393.758248
"2017-05-04",0.1848,-0.2511,0.4172,0.03285,3783.459057
"2017-05-06",0.1836,-0.2483,0.41665,0.0326,4030.507623
"2017-05-08",0.1798,-0.2475,0.41655,0.0323,4502.155158
"2017-05-10",0.17665,-0.23,0.4169,0.03205,4612.844658
"2017-05-12",0.1716,-0.2308,0.41615,0.0321,4605.278094
"2017-05-14",0.166,-0.22415,0.41605,0.0318,4798.105983
"2017-05-16",0.1614,-0.218,0.4159,0.03095,4809.959454
"2017-05-18",0.16,-0.2133,0.41725,0.0299,5672.18302
"2017-05-20",0.15645,-0.20275,0.4174,0.02935,6194.483501
"2017-05-22",0.15255,-0.1997,0.41775,0.029,6520.295185
"2017-05-24",0.1489,-0.1991,0.417,0.02905,7518.10555
"2017-05-26",0.1472,-0.19675,0.4164,0.02865,6619.194665
"2017-05-28",0.146,-0.19915,0.41715,0.02735,6522.083546
"2017-05-30",0.1435,-0.20125,0.41755,0.02585,6868.993716
"2017-06-01",0.1425,-0.20345,0.4174,0.02525,7787.903648
"2017-06-03",0.1412,-0.2073,0.417,0.0251,7975.585629
"2017-06-05",0.14015,-0.20845,0.41655,0.0245,8594.798119
"2017-06-07",0.14095,-0.21095,0.4166,0.02395,8589.570359
"2017-06-09",0.14155,-0.21325,0.41715,0.0237,9092.978335
"2017-06-11",0.14475,-0.21345,0.41815,0.02295,9944.817377
"2017-06-13",0.1452,-0.2177,0.41805,0.02315,9868.508772
"2017-06-15",0.14585,-0.22165,0.419,0.02285,8879.28907
"2017-06-17",0.1493,-0.22165,0.41915,0.0226,9741.479719
"2017-06-19",0.1515,-0.2273,0.4188,0.0225,9736.022248
"2017-06-21",0.1546,-0.23455,0.4196,0.02215,9510.895953
"2017-06-23",0.15865,-0.2367,0.4202,0.02195,9736.267638
"2017-06-25",0.16235,-0.2375,0.42135,0.0221,8932.880649
"2017-06-27",0.1653,-0.25075,0.4208,0.0223,8566.338169
"2017-06-29",0.16965,-0.2555,0.4213,0.02225,8791.333193
"2017-07-01",0.1763,-0.26085,0.4217,0.0221,8094.944699
"2017-07-03",0.1806,-0.26145,0.4229,0.0222,8560.348103
"2017-07-05",0.18455,-0.2624,0.42395,0.0224,8550.877834
"2017-07-07",0.1888,-0.265,0.423,0.0223,7951.656711
"2017-07-09",0.1934,-0.26435,0.42225,0.02235,7917.250716
"2017-07-11",0.19605,-0.2696,0.4235,0.02245,6875.790368
"2017-07-13",0.20055,-0.2728,0.4249,0.0221,7146.693881
"2017-07-15",0.20305,-0.26975,0.425,0.0225,6032.488712
"2017-07-17",0.20505,-0.2733,0.42545,0.0222,6531.017101
"2017-07-19",0.20735,-0.27515,0.42445,0.02165,6714.146519
"2017-07-21",0.2082,-0.2733,0.42385,0.02185,7692.374026
"2017-07-23",0.21085,-0.27345,0.4235,0.0215,8002.204611
"2017-07-25",0.2119,-0.2723,0.4233,0.0212,7395.440267
"2017-07-27",0.2115,-0.26825,0.42255,0.02145,7500.814913
"2017-07-29",0.2129,-0.26605,0.42265,0.0214,7588.339329
"2017-07-31",0.2139,-0.25015,0.4215,0.02175,7768.842015
"2017-08-02",0.21395,-0.2535,0.4213,0.0216,7728.258095
"2017-08-04",0.2139,-0.2501,0.4201,0.022,8046.949453
"2017-08-06",0.21275,-0.236,0.41965,0.02195,9028.204969
"2017-08-08",0.21205,-0.23545,0.4207,0.022,9823.91339
"2017-08-10",0.20955,-0.2308,0.41995,0.02255,9724.775687
"2017-08-12",0.2083,-0.22765,0.41915,0.02235,10506.97468
"2017-08-14",0.20625,-0.2199,0.4184,0.0225,10996.69307
"2017-08-16",0.20525,-0.2143,0.41905,0.02275,11178.88397
"2017-08-18",0.20285,-0.21255,0.41895,0.02295,10825.76524
"2017-08-20",0.20175,-0.2109,0.41795,0.02315,10786.31674
"2017-08-22",0.19925,-0.20265,0.4168,0.0234,11245.48521
"2017-08-24",0.19825,-0.19945,0.41675,0.02335,11564.37369
"2017-08-26",0.197,-0.18935,0.41655,0.02355,11694.48995
"2017-08-28",0.1973,-0.1811,0.4174,0.02405,12058.48002
"2017-08-30",0.1953,-0.1777,0.41665,0.02435,12967.58326
"2017-09-01",0.19525,-0.17165,0.4174,0.02445,13808.64474
"2017-09-03",0.1952,-0.163,0.41715,0.0247,12906.76591
"2017-09-05",0.19505,-0.1593,0.4171,0.02505,12168.50941
"2017-09-07",0.19245,-0.15135,0.41685,0.02585,12563.53995
"2017-09-09",0.19235,-0.15115,0.4172,0.0257,11575.23722
"2017-09-11",0.19175,-0.1452,0.41675,0.0257,11404.71412
"2017-09-13",0.1905,-0.13995,0.41655,0.0259,10679.09454
"2017-09-15",0.1904,-0.1355,0.41605,0.02625,9689.39634
"2017-09-17",0.189,-0.1252,0.4147,0.0267,9534.629771
"2017-09-19",0.1888,-0.11955,0.41465,0.02705,10707.75546
"2017-09-21",0.1886,-0.1138,0.4146,0.0282,9921.039778
"2017-09-23",0.1864,-0.11265,0.41455,0.02855,10486.47192
"2017-09-25",0.1854,-0.11555,0.4146,0.0287,10998.04874
"2017-09-27",0.18545,-0.11395,0.41445,0.02895,11366.70984
"2017-09-29",0.1844,-0.10885,0.41485,0.0297,10962.45445
"2017-10-01",0.1851,-0.11605,0.41505,0.03,11446.25358
"2017-10-03",0.1833,-0.11765,0.41525,0.0299,11269.10546
"2017-10-05",0.18275,-0.1209,0.4149,0.0303,11261.46929
"2017-10-07",0.17795,-0.1328,0.4147,0.0308,11611.42932
"2017-10-09",0.17565,-0.14135,0.41485,0.03155,11895.33619
"2017-10-11",0.1699,-0.1515,0.41465,0.03265,12130.89593
"2017-10-13",0.1648,-0.1589,0.4146,0.0335,13656.60741
"2017-10-15",0.15875,-0.1732,0.41485,0.03375,13778.89211
"2017-10-17",0.15515,-0.1981,0.41465,0.0349,13508.31173
"2017-10-19",0.14845,-0.2228,0.41425,0.03625,13392.08601
"2017-10-21",0.1446,-0.22575,0.414,0.03675,13776.53292
"2017-10-23",0.1401,-0.24675,0.4143,0.0383,13498.83297
"2017-10-25",0.13495,-0.2683,0.4145,0.03955,13269.61142
"2017-10-27",0.1303,-0.28745,0.4144,0.04095,13401.49457
"2017-10-29",0.1254,-0.31705,0.4143,0.0419,14120.67111
"2017-10-31",0.121,-0.3468,0.4145,0.0417,14449.91273
"2017-11-02",0.11975,-0.3728,0.4145,0.0424,15414.63154
"2017-11-04",0.11725,-0.3794,0.41425,0.04395,15970.58528
"2017-11-06",0.11315,-0.4052,0.41475,0.0451,15659.3479
"2017-11-08",0.1088,-0.4316,0.41405,0.04505,16507.90108
"2017-11-10",0.10265,-0.44885,0.41385,0.0461,15757.68675
"2017-11-12",0.09785,-0.46795,0.4136,0.04725,15572.37612
"2017-11-14",0.09225,-0.4863,0.41355,0.0487,16735.34732
"2017-11-16",0.0892,-0.4964,0.4137,0.0492,17895.23672
"2017-11-18",0.084,-0.518,0.41405,0.0498,18695.30912
"2017-11-20",0.0825,-0.53185,0.4139,0.04915,19465.44935
"2017-11-22",0.07855,-0.5453,0.41395,0.0504,19878.16303
"2017-11-24",0.07565,-0.55035,0.4138,0.05035,21194.79377
"2017-11-26",0.07145,-0.5434,0.41405,0.05015,22919.62122
"2017-11-28",0.0675,-0.5473,0.41445,0.0503,24760.17497
"2017-11-30",0.0614,-0.5616,0.4148,0.05045,24251.7514
"2017-12-02",0.0569,-0.5556,0.41465,0.04925,25874.83554
"2017-12-04",0.05165,-0.5614,0.41455,0.049,27655.83851
"2017-12-06",0.04635,-0.55665,0.4148,0.04835,30382.40255
"2017-12-08",0.0404,-0.54025,0.415,0.0479,35770.83609
"2017-12-10",0.03495,-0.53455,0.41485,0.0478,33368.48
"2017-12-12",0.02825,-0.52235,0.41485,0.0471,39636.24926
"2017-12-14",0.0203,-0.52665,0.4148,0.0465,41990.06991
"2017-12-16",0.01465,-0.5164,0.41445,0.04585,46296.36243
"2017-12-18",0.000450000000000004,-0.4889,0.4151,0.0457,48795.65841
"2017-12-20",-0.00489999999999999,-0.4822,0.4153,0.0449,48494.25505
"2017-12-22",-0.00955,-0.47735,0.4152,0.0438,40537.65707
"2017-12-24",-0.01585,-0.483,0.41505,0.0429,42768.68179
"2017-12-26",-0.02275,-0.4875,0.41515,0.0431,47440.63791
"2017-12-28",-0.02635,-0.4827,0.415,0.0423,44592.60315
"2017-12-30",-0.03145,-0.47495,0.415,0.04225,44812.19088
"2018-01-01",-0.0345,-0.46435,0.41505,0.0405,47588.09681
"2018-01-03",-0.037,-0.46025,0.41545,0.0408,56888.01301
"2018-01-05",-0.04035,-0.45705,0.4154,0.03985,58899.68348
"2018-01-07",-0.04235,-0.4619,0.4154,0.0393,62848.82399
"2018-01-09",-0.045,-0.4738,0.4154,0.0389,57166.86602
"2018-01-11",-0.04715,-0.48275,0.4158,0.0393,51050.86457
"2018-01-13",-0.04855,-0.47705,0.41605,0.03885,57821.91428
"2018-01-15",-0.0488,-0.49325,0.4163,0.0387,52535.52603
"2018-01-17",-0.0472,-0.5169,0.41615,0.0383,40692.53904
"2018-01-19",-0.0453,-0.5198,0.4161,0.0381,42675.47842
"2018-01-21",-0.04475,-0.53825,0.4161,0.03805,41822.08255
"2018-01-23",-0.04395,-0.55825,0.4162,0.0379,39023.13863
"2018-01-25",-0.04335,-0.57795,0.41635,0.038,40621.42797
"2018-01-27",-0.0351,-0.61345,0.41595,0.03785,41243.26254
"2018-01-29",-0.03505,-0.62835,0.4156,0.0378,41566.84607
"2018-01-31",-0.03545,-0.6448,0.4157,0.03825,36777.1191
"2018-02-02",-0.0346,-0.65195,0.416,0.0384,33370.50543
"2018-02-04",-0.03235,-0.6555,0.41575,0.03775,32465.31762
"2018-02-06",-0.03175,-0.6551,0.4155,0.03785,24039.06858
"2018-02-08",-0.0315,-0.67085,0.4155,0.03775,26497.8278
"2018-02-10",-0.03095,-0.6921,0.4155,0.03785,31198.67834
"2018-02-12",-0.03115,-0.70595,0.4156,0.0381,29718.34312
"2018-02-14",-0.0303,-0.7265,0.4158,0.03825,30889.20396
"2018-02-16",-0.0303,-0.7252,0.4157,0.0381,35447.94334
"2018-02-18",-0.0286,-0.7264,0.41535,0.03865,37914.44971
"2018-02-20",-0.02885,-0.73755,0.41515,0.03815,37130.18792
"2018-02-22",-0.02985,-0.7476,0.4149,0.0376,36690.59834
"2018-02-24",-0.03025,-0.7514,0.41405,0.037,33774.23807
"2018-02-26",-0.03175,-0.7493,0.41405,0.0373,32282.40118
"2018-02-28",-0.0349,-0.7567,0.4142,0.03715,34345.64498
"2018-03-02",-0.0361,-0.7585,0.4141,0.0369,34186.74082
"2018-03-04",-0.0374,-0.75385,0.4138,0.0366,34542.5149
"2018-03-06",-0.03785,-0.75635,0.41365,0.0364,34946.61018
"2018-03-08",-0.0361,-0.74945,0.4138,0.03655,30696.70095
"2018-03-10",-0.0352,-0.74795,0.41385,0.0362,28802.07962
"2018-03-12",-0.03315,-0.756,0.4137,0.0356,29277.38383
"2018-03-14",-0.0315,-0.75685,0.41355,0.03505,28246.69759
"2018-03-16",-0.03025,-0.74985,0.41355,0.0348,25339.2001
"2018-03-18",-0.02855,-0.74765,0.41385,0.0346,23938.24955
"2018-03-20",-0.0277,-0.75255,0.41405,0.0344,25557.1946
"2018-03-22",-0.02725,-0.7574,0.4142,0.0347,26253.72355
"2018-03-24",-0.0266,-0.76035,0.4139,0.03405,25480.90994
"2018-03-26",-0.0261,-0.761,0.41405,0.0336,24673.69199
"2018-03-28",-0.02535,-0.7628,0.4138,0.03325,22292.8564
"2018-03-30",-0.02515,-0.7616,0.41355,0.03255,19945.99544
"2018-04-01",-0.0253,-0.75575,0.41325,0.03245,19758.65729
"2018-04-03",-0.02475,-0.75275,0.41315,0.03235,19836.73083
"2018-04-05",-0.0249,-0.7567,0.4135,0.03205,19325.09202
"2018-04-07",-0.02545,-0.75345,0.41355,0.0314,18693.65941
"2018-04-09",-0.0256,-0.7547,0.41355,0.0313,19728.02934
"2018-04-11",-0.02535,-0.7617,0.4136,0.03125,19614.47594
"2018-04-13",-0.0255,-0.7608,0.4139,0.03105,22991.21312
"2018-04-15",-0.02635,-0.7519,0.41415,0.03085,23117.80423
"2018-04-17",-0.02865,-0.7535,0.4139,0.0306,23830.16875
"2018-04-19",-0.0301,-0.7551,0.4139,0.031,24779.08693
"2018-04-21",-0.0323,-0.74565,0.4141,0.0313,27597.5128
"2018-04-23",-0.03375,-0.73675,0.41425,0.0312,28062.72042
"2018-04-25",-0.03625,-0.7503,0.41435,0.0314,31671.65866
"2018-04-27",-0.03865,-0.75915,0.41415,0.0313,29977.15552
"2018-04-29",-0.03975,-0.7552,0.4141,0.03155,30639.1297
"2018-05-01",-0.0401,-0.75285,0.4138,0.0315,30253.64684
"2018-05-03",-0.04065,-0.7389,0.41435,0.0311,30722.88554
"2018-05-05",-0.04075,-0.73125,0.41425,0.03135,32491.57092
"2018-05-07",-0.04055,-0.72625,0.4145,0.03165,32750.57607
"2018-05-09",-0.03945,-0.7115,0.415,0.0321,31027.32244
"2018-05-11",-0.03765,-0.7015,0.41535,0.03195,29828.90734
"2018-05-13",-0.0373,-0.6902,0.4153,0.0325,28148.73795
"2018-05-15",-0.03635,-0.67305,0.41535,0.0329,29115.71744
"2018-05-17",-0.03535,-0.65095,0.41525,0.0332,27690.04233
"2018-05-19",-0.0339,-0.6284,0.4151,0.03345,27044.56321
"2018-05-21",-0.03205,-0.59625,0.4155,0.0334,27934.04266
"2018-05-23",-0.0302,-0.581,0.4155,0.03345,25891.09714
"2018-05-25",-0.02785,-0.5592,0.4154,0.03335,24609.51746
"2018-05-27",-0.02495,-0.54245,0.4154,0.03315,23795.06782
"2018-05-29",-0.0231,-0.52265,0.4157,0.0327,22109.11795
"2018-05-31",-0.02245,-0.52235,0.41545,0.03235,23494.87395
"2018-06-02",-0.0216,-0.49855,0.416,0.03185,24106.17392
"2018-06-04",-0.0195,-0.4781,0.416,0.03145,25325.67832
"2018-06-06",-0.01835,-0.45235,0.41655,0.0308,24998.55928
"2018-06-08",-0.01785,-0.4331,0.4167,0.03045,24958.91739
"2018-06-10",-0.01755,-0.4157,0.4165,0.03065,24224.50338
"2018-06-12",-0.0157,-0.39605,0.41595,0.0307,22163.66605
"2018-06-14",-0.0144,-0.37605,0.41625,0.03065,20003.55753
"2018-06-16",-0.01465,-0.37225,0.41785,0.0299,20281.32228
"2018-06-18",-0.01615,-0.38045,0.41915,0.0292,20305.87702
"2018-06-20",-0.01565,-0.366,0.4186,0.02885,21450.24732
"2018-06-22",-0.0155,-0.35955,0.4201,0.02825,21149.42438
"2018-06-24",-0.0158,-0.35585,0.4197,0.02825,19236.5515
"2018-06-26",-0.01565,-0.3627,0.42005,0.02755,19117.31872
"2018-06-28",-0.0174,-0.36145,0.42025,0.0275,18541.36339
"2018-06-30",-0.0189,-0.3699,0.42085,0.02725,18483.00886
"2018-07-02",-0.01925,-0.3628,0.42225,0.0269,18985.64819
"2018-07-04",-0.0201,-0.35485,0.42305,0.0264,19672.02393
"2018-07-06",-0.02105,-0.3446,0.4245,0.02575,19752.80234
"2018-07-08",-0.02145,-0.3317,0.42425,0.02585,20270.65502
"2018-07-10",-0.0222,-0.33135,0.42665,0.0256,19712.33827
"2018-07-12",-0.0222,-0.32885,0.42595,0.0261,18798.72259
"2018-07-14",-0.02265,-0.3153,0.4268,0.02595,18453.04859
"2018-07-16",-0.0228,-0.33195,0.42805,0.02595,18938.15797
"2018-07-18",-0.02255,-0.32085,0.42795,0.02585,21602.36098
"2018-07-20",-0.02185,-0.30825,0.42855,0.0252,21373.8021
"2018-07-22",-0.02265,-0.32215,0.42885,0.0258,20934.1194
"2018-07-24",-0.0231,-0.32685,0.42875,0.0253,21237.08262
"2018-07-26",-0.02205,-0.3033,0.42795,0.0254,22322.25324
"2018-07-28",-0.0214,-0.2859,0.4268,0.02575,22222.07994
"2018-07-30",-0.02155,-0.28845,0.4282,0.02575,22294.20274
"2018-08-01",-0.02015,-0.27545,0.4269,0.02555,20869.60012
"2018-08-03",-0.0186,-0.2599,0.4272,0.0251,20165.15865
"2018-08-05",-0.01805,-0.24515,0.42675,0.02515,19189.28253
"2018-08-07",-0.0165,-0.2393,0.42755,0.025,19023.26395
"2018-08-09",-0.0155,-0.2261,0.4282,0.0248,16714.54837
"2018-08-11",-0.0156,-0.21755,0.42715,0.02475,16289.25141
"2018-08-13",-0.01615,-0.22445,0.4272,0.02505,16251.41589
"2018-08-15",-0.0156,-0.2217,0.42735,0.0253,15362.86834
"2018-08-17",-0.0153,-0.24155,0.4284,0.0248,15697.19747
"2018-08-19",-0.01405,-0.2163,0.4265,0.02465,16163.36842
"2018-08-21",-0.01395,-0.2182,0.4269,0.0242,15590.52386
"2018-08-23",-0.013,-0.22485,0.428,0.02365,15694.29401
"2018-08-25",-0.0123,-0.2019,0.42655,0.02395,16487.33695
"2018-08-27",-0.01205,-0.20575,0.42775,0.02345,16396.71376
"2018-08-29",-0.012,-0.21705,0.42735,0.0229,17667.36745
"2018-08-31",-0.01195,-0.2031,0.42725,0.02185,17305.06928
"2018-09-02",-0.0119,-0.1917,0.4277,0.02185,18033.71848
"2018-09-04",-0.013,-0.20915,0.42765,0.02135,17966.99808
"2018-09-06",-0.0126,-0.2188,0.4286,0.02085,16071.19151
"2018-09-08",-0.01265,-0.2233,0.429,0.0205,15310.5933
"2018-09-10",-0.0128,-0.23115,0.43065,0.02035,14813.7792
"2018-09-12",-0.01405,-0.23515,0.43155,0.0202,14590.48596
"2018-09-14",-0.014,-0.236,0.433,0.0201,15344.5202
"2018-09-16",-0.0134,-0.2317,0.43345,0.0201,15492.95958
"2018-09-18",-0.0128,-0.23225,0.43195,0.0209,14609.68244
"2018-09-20",-0.01195,-0.232,0.43175,0.02125,15220.42365
"2018-09-22",-0.01005,-0.2285,0.43135,0.02125,17374.73891
"2018-09-24",-0.0092,-0.2467,0.42995,0.0212,17339.02752
"2018-09-26",-0.0087,-0.2364,0.4305,0.02125,16294.42558
"2018-09-28",-0.00845,-0.2405,0.43015,0.0218,17113.91757
"2018-09-30",-0.00715,-0.24115,0.43025,0.02215,17014.01727
"2018-10-02",-0.00775,-0.2702,0.4286,0.02195,17021.94979
"2018-10-04",-0.00725,-0.26945,0.4302,0.0216,16517.41659
"2018-10-06",-0.0068,-0.2873,0.43075,0.0219,16790.72163
"2018-10-08",-0.0064,-0.27765,0.43145,0.0224,16598.97089
"2018-10-10",-0.0051,-0.29365,0.4333,0.02245,16705.30468
"2018-10-12",-0.00375,-0.29935,0.43255,0.02255,15050.19052
"2018-10-14",-0.00115,-0.2816,0.4324,0.023,15470.59004
"2018-10-16",4.87890977618477e-19,-0.2797,0.43035,0.0231,16276.02719
"2018-10-18",0.000650000000000001,-0.2764,0.4309,0.02325,16341.44968
"2018-10-20",0.0015,-0.2734,0.4322,0.02335,15931.05862
"2018-10-22",0.00295,-0.2755,0.4317,0.0234,16053.00353
"2018-10-24",0.00365,-0.2856,0.43335,0.02325,15882.57172
"2018-10-26",0.00485,-0.29665,0.43195,0.0227,15860.77897
"2018-10-28",0.0061,-0.29995,0.4339,0.0221,15820.11374
"2018-10-30",0.0071,-0.31235,0.4361,0.02175,15336.0317
"2018-11-01",0.0083,-0.3212,0.4365,0.0217,15574.38297
"2018-11-03",0.0088,-0.314,0.43745,0.0222,15641.64182
"2018-11-05",0.0103,-0.31825,0.43665,0.0223,15935.27961
"2018-11-07",0.0122,-0.32625,0.43735,0.02205,16751.1112
"2018-11-09",0.01215,-0.34225,0.4373,0.0216,16405.77035
"2018-11-11",0.01395,-0.3068,0.43955,0.02215,16240.42649
"2018-11-13",0.01415,-0.33535,0.4372,0.02185,16213.38144
"2018-11-15",0.0159,-0.3163,0.43665,0.02165,14504.2448
"2018-11-17",0.01695,-0.3291,0.43915,0.0213,14027.91541
"2018-11-19",0.0182,-0.3264,0.437,0.0215,14136.47307
"2018-11-21",0.02,-0.33245,0.4397,0.0214,11028.63065
"2018-11-23",0.0213,-0.3612,0.442,0.0212,10842.0089
"2018-11-25",0.0224,-0.3544,0.44345,0.0212,9682.293882
"2018-11-27",0.0252,-0.3556,0.44635,0.0214,9460.132623
"2018-11-29",0.02715,-0.37935,0.44515,0.02115,10463.50468
"2018-12-01",0.0289,-0.38765,0.44425,0.021,10350.59819
"2018-12-03",0.03055,-0.3795,0.44205,0.0211,10003.56528
"2018-12-05",0.03165,-0.3908,0.44285,0.02105,9513.722081
"2018-12-07",0.03285,-0.4083,0.44265,0.0209,8211.87305
"2018-12-09",0.0344,-0.41195,0.44075,0.0207,8124.584181
"2018-12-11",0.0349,-0.4236,0.44025,0.01985,8119.354787
"2018-12-13",0.03675,-0.4314,0.4426,0.01945,8130.098071
"2018-12-15",0.038,-0.4477,0.44185,0.0191,7598.883357
"2018-12-17",0.03895,-0.45715,0.4417,0.01885,7633.569783
"2018-12-19",0.04095,-0.45565,0.44245,0.019,8858.823248
"2018-12-21",0.04195,-0.46695,0.4404,0.019,9868.119243
"2018-12-23",0.04365,-0.45305,0.44215,0.0195,9690.662688
"2018-12-25",0.04515,-0.48275,0.4409,0.01965,10268.36612
"2018-12-27",0.04665,-0.4799,0.4387,0.01975,9585.082085
"2018-12-29",0.0474,-0.4747,0.43875,0.01995,9726.786908
"2018-12-31",0.04715,-0.47355,0.43665,0.01985,9651.907881
"2019-01-02",0.04725,-0.4499,0.4341,0.01995,9707.099083
"2019-01-04",0.0487,-0.45055,0.4336,0.0203,9735.195988
"2019-01-06",0.0491,-0.45455,0.42825,0.02035,9833.276351
"2019-01-08",0.05025,-0.4376,0.42635,0.0208,10198.60787
"2019-01-10",0.0531,-0.42905,0.42675,0.02085,10280.70146
"2019-01-12",0.05535,-0.4397,0.4259,0.02095,9136.557934
"2019-01-14",0.05695,-0.42835,0.42605,0.02145,8731.71918
"2019-01-16",0.05825,-0.40915,0.4239,0.02165,8982.009375
"2019-01-18",0.0598,-0.3987,0.4248,0.0219,9149.210868
"2019-01-20",0.0624,-0.3914,0.4241,0.02255,9247.065152
"2019-01-22",0.0639,-0.38015,0.42045,0.02265,8892.60229
"2019-01-24",0.0654,-0.35435,0.42225,0.02315,8948.408964
"2019-01-26",0.0671,-0.3319,0.4218,0.0232,8964.320481
"2019-01-28",0.0679,-0.3153,0.42105,0.02305,8889.918031
"2019-01-30",0.06935,-0.30285,0.42155,0.0234,8427.141896
"2019-02-01",0.0709,-0.2931,0.4224,0.02325,8726.195976
"2019-02-03",0.07285,-0.27125,0.423,0.0233,8858.248441
"2019-02-05",0.07265,-0.26425,0.42165,0.02315,8784.920991
"2019-02-07",0.0735,-0.26375,0.42165,0.023,8607.288523
"2019-02-09",0.07525,-0.2633,0.42065,0.02315,9331.149128
"2019-02-11",0.07635,-0.2607,0.42,0.02305,9464.571812
"2019-02-13",0.0776,-0.2548,0.4219,0.0227,9365.615993
"2019-02-15",0.0801,-0.2639,0.42195,0.0226,9221.470286
"2019-02-17",0.0813,-0.25805,0.42425,0.0224,9312.820816
"2019-02-19",0.0802,-0.2553,0.42385,0.0221,10157.48788
"2019-02-21",0.0802,-0.24145,0.42485,0.02255,10489.34327
"2019-02-23",0.08225,-0.25365,0.42425,0.02245,10419.76865
"2019-02-25",0.08225,-0.2579,0.42435,0.02235,9794.542792
"2019-02-27",0.08275,-0.267,0.4239,0.02335,9942.999594
"2019-03-01",0.0821,-0.2558,0.4246,0.02325,9948.993565
"2019-03-03",0.08255,-0.2551,0.42495,0.02355,9950.494211
"2019-03-05",0.08305,-0.2585,0.42365,0.02365,9611.843285
"2019-03-07",0.08475,-0.26845,0.42395,0.0244,10117.88343
"2019-03-09",0.0862,-0.2758,0.424,0.02465,10058.41117
"2019-03-11",0.0864,-0.2771,0.4229,0.0247,10263.97973
"2019-03-13",0.08665,-0.28165,0.42155,0.02505,10177.32239
"2019-03-15",0.0856,-0.2797,0.42165,0.0255,10186.29674
"2019-03-17",0.0869,-0.27425,0.42195,0.02555,10603.62021
"2019-03-19",0.08695,-0.277,0.42225,0.026,10518.16491
"2019-03-21",0.087,-0.2757,0.42275,0.02605,10670.79362
"2019-03-23",0.087,-0.2798,0.42335,0.02625,10541.63881
"2019-03-25",0.08675,-0.29045,0.42105,0.0265,10558.90173
"2019-03-27",0.08465,-0.2729,0.4214,0.02665,10381.57622
"2019-03-29",0.08405,-0.285,0.42025,0.0267,10650.43764
"2019-03-31",0.08375,-0.29325,0.42095,0.0274,10851.86011
"2019-04-02",0.08305,-0.30745,0.42075,0.0273,10992.27916
"2019-04-04",0.0812,-0.28995,0.4217,0.02725,13086.99518
"2019-04-06",0.08095,-0.28405,0.42215,0.02755,13302.0045
"2019-04-08",0.07965,-0.27705,0.42175,0.0269,13683.22132
"2019-04-10",0.07905,-0.278,0.4217,0.02725,13549.16019
"2019-04-12",0.07655,-0.26925,0.42195,0.0273,13029.6948680326
"2019-04-14",0.074,-0.27285,0.4215,0.0271,13038.2624610729
"2019-04-16",0.0701,-0.2599,0.4211,0.0268,13005.7473581696
"2019-04-18",0.0675,-0.25885,0.42085,0.02705,13398.5186133726
"2019-04-20",0.06485,-0.2565,0.421,0.02675,13622.8294716556
"2019-04-22",0.0623,-0.251,0.4205,0.0271,13490.4833342203
"2019-04-24",0.06055,-0.26145,0.4205,0.027,13805.9534806514
"2019-04-26",0.05825,-0.2728,0.4209,0.0279,12789.3059434556
"2019-04-28",0.0558,-0.26365,0.42075,0.0276,12993.8285623432
"2019-04-30",0.05245,-0.26705,0.4207,0.0283,12697.6684456663
"2019-05-02",0.0497,-0.26785,0.4208,0.02855,13148.5360848277
"2019-05-04",0.0456,-0.2546,0.4212,0.02855,13959.226509302
"2019-05-06",0.04275,-0.2614,0.4212,0.0285,13938.1869327034
"2019-05-08",0.03785,-0.2447,0.4201,0.0287,14233.2394261869
"2019-05-10",0.0351,-0.2474,0.42035,0.02895,14736.9145642074
"2019-05-12",0.032,-0.2414,0.4196,0.029,17372.5751916312
"2019-05-14",0.029,-0.24145,0.4185,0.02895,18191.4835798735
"2019-05-16",0.0268,-0.25045,0.41815,0.02845,20059.1837464504
"2019-05-18",0.0249,-0.2461,0.4176,0.02875,18195.3357496535
"2019-05-20",0.0226,-0.2423,0.4173,0.0289,20046.58763064
"2019-05-22",0.0217,-0.24795,0.41725,0.0286,19546.0343336326
"2019-05-24",0.02035,-0.24095,0.41715,0.0286,19155.5147683492
"2019-05-26",0.01925,-0.2487,0.4177,0.0287,19552.9230227669
"2019-05-28",0.0173,-0.24985,0.41785,0.0289,21627.6837986176
"2019-05-30",0.01675,-0.2667,0.41775,0.02895,21296.08323763
"2019-06-01",0.0151,-0.27065,0.4189,0.02835,21216.4441579805
"2019-06-03",0.01145,-0.25075,0.41875,0.0281,21464.3517785094
"2019-06-05",0.00915,-0.2544,0.4183,0.02745,18833.2263186572
"2019-06-07",0.00625,-0.26235,0.41845,0.0275,19352.6855330898
"2019-06-09",0.0036,-0.25995,0.41875,0.02685,19462.161922116
"2019-06-11",0.000999999999999999,-0.267,0.41865,0.02685,19535.3816219078
"2019-06-13",5.00000000000023e-05,-0.27875,0.4189,0.02685,19912.4048546581
"2019-06-15",-0.0018,-0.28645,0.4191,0.0268,21043.5245104107
"2019-06-17",-0.0024,-0.2937,0.41915,0.0266,21801.9154804164
"2019-06-19",-0.00485,-0.2971,0.4187,0.026,21866.4359726046
"2019-06-21",-0.0065,-0.30785,0.41895,0.02545,22784.0374946538
"2019-06-23",-0.0087,-0.3271,0.41945,0.02515,25544.2966431125
"2019-06-25",-0.01095,-0.3307,0.41995,0.0255,26082.7843696457
"2019-06-27",-0.0131,-0.34875,0.42015,0.02455,29733.3762322391
"2019-06-29",-0.01615,-0.36335,0.4204,0.02405,27994.5691919855
"2019-07-01",-0.01955,-0.37125,0.41995,0.024,25046.0393806649
"2019-07-03",-0.02215,-0.39085,0.4201,0.024,24831.2730726584
"2019-07-05",-0.0242,-0.40605,0.4196,0.02375,25536.6561729407
"2019-07-07",-0.0257,-0.42455,0.41875,0.0228,25709.7108933542
"2019-07-09",-0.02755,-0.43155,0.4193,0.02255,27676.2695660506
"2019-07-11",-0.0285,-0.4427,0.41825,0.0226,27057.5261869446
"2019-07-13",-0.0281,-0.4596,0.4176,0.0223,26077.6200499334
"2019-07-15",-0.0292,-0.4729,0.41955,0.0222,22562.2683083152
"2019-07-17",-0.0298,-0.4889,0.4209,0.02205,20920.610434095
"2019-07-19",-0.03015,-0.5021,0.4205,0.02185,23440.3856872334
"2019-07-21",-0.03045,-0.5003,0.42035,0.0215,23585.1282380581
"2019-07-23",-0.0316,-0.5062,0.42125,0.02165,22771.2515015601
"2019-07-25",-0.0318,-0.51115,0.4218,0.02155,21809.9819713225
"2019-07-27",-0.0316,-0.5272,0.42295,0.02135,21928.820759025
"2019-07-29",-0.03095,-0.53405,0.42315,0.0213,21242.0540256971
"2019-07-31",-0.03125,-0.53985,0.4232,0.02145,21304.0113465034
"2019-08-02",-0.0306,-0.5445,0.4228,0.0213,22832.5804379519
"2019-08-04",-0.031,-0.5523,0.42365,0.0211,23611.4540380855
"2019-08-06",-0.03125,-0.55335,0.4247,0.0213,25562.223476076
"2019-08-08",-0.0306,-0.56195,0.4244,0.02135,25663.1831194608
"2019-08-10",-0.02945,-0.5704,0.4257,0.021,25181.4005104596
"2019-08-12",-0.0285,-0.57195,0.42585,0.0207,24821.9440476677
"2019-08-14",-0.02795,-0.5791,0.4266,0.02035,23580.0097848084
"2019-08-16",-0.0276,-0.56645,0.42825,0.02025,22041.1769457264
"2019-08-18",-0.0268,-0.55255,0.42775,0.02075,21902.4013560376
"2019-08-20",-0.0264,-0.548,0.42795,0.02095,23385.2162027687
"2019-08-22",-0.0252,-0.561,0.42955,0.02095,21736.655058784
"2019-08-24",-0.0237,-0.5609,0.43,0.02125,22558.7218640749
"2019-08-26",-0.02155,-0.55625,0.42885,0.0208,21687.8267098549
"2019-08-28",-0.01895,-0.56,0.4292,0.0208,21837.1037013077
"2019-08-30",-0.017,-0.57105,0.42905,0.02075,20313.0907351079
"2019-09-01",-0.0157,-0.57615,0.42815,0.0206,20574.1035470629
"2019-09-03",-0.0147,-0.5821,0.42765,0.02035,21885.4147719606
"2019-09-05",-0.01365,-0.5721,0.4263,0.02065,22338.7256758193
"2019-09-07",-0.0119,-0.58195,0.4266,0.02085,21856.8896910096
"2019-09-09",-0.0105,-0.5877,0.4257,0.0206,22148.434492183
"2019-09-11",-0.0097,-0.59475,0.42535,0.02085,21645.9954581759
"2019-09-13",-0.0089,-0.59595,0.4245,0.02155,22133.6484311844
"2019-09-15",-0.00785,-0.6006,0.4232,0.02175,22181.3616158918
"2019-09-17",-0.00675,-0.6044,0.42285,0.0217,22139.5620582977
"2019-09-19",-0.00545,-0.60665,0.4218,0.02215,22373.1927007826
"2019-09-21",-0.00535,-0.6117,0.42155,0.02275,22376.2745163094
"2019-09-23",-0.00475,-0.6044,0.42105,0.0232,21990.1240681292
"2019-09-25",-0.0043,-0.62705,0.41935,0.02345,19010.1917668513
"2019-09-27",-0.004,-0.6352,0.41875,0.02335,17704.6991833341
"2019-09-29",-0.0039,-0.63845,0.4181,0.0234,17996.8694534127
"2019-10-01",-0.0042,-0.6247,0.4167,0.0239,18229.0613770139
"2019-10-03",-0.00385,-0.62495,0.41415,0.02375,18393.6672233095
"2019-10-05",-0.00385,-0.6177,0.41385,0.0243,17969.5032150683
"2019-10-07",-0.00465,-0.5956,0.4133,0.02435,17443.628105359
"2019-10-09",-0.0048,-0.5809,0.4132,0.02465,18194.7929966913
"2019-10-11",-0.00445,-0.56585,0.41265,0.02465,18954.6644300406
"2019-10-13",-0.0047,-0.5473,0.41215,0.02505,18378.0591456259
"2019-10-15",-0.00465,-0.5436,0.4125,0.0253,18580.6441590359
"2019-10-17",-0.0059,-0.52115,0.41195,0.0256,17824.9249627651
"2019-10-19",-0.00575,-0.49505,0.41255,0.0259,17758.0349525934
"2019-10-21",-0.005,-0.4633,0.41265,0.02635,18258.2070359844
"2019-10-23",-0.0038,-0.445,0.41205,0.02605,17907.0732595987
"2019-10-25",-0.0028,-0.4327,0.412,0.0263,16618.1900324243
"2019-10-27",-0.00165,-0.41655,0.4122,0.02645,20170.3380858111
"2019-10-29",-0.0016,-0.40635,0.41175,0.0264,20202.112239429
"2019-10-31",0.00045,-0.3861,0.4117,0.02635,20191.2498216427
"2019-11-02",0.00135,-0.3727,0.41125,0.02645,20280.5878397307
"2019-11-04",0.0031,-0.3549,0.4116,0.0272,20264.7999083472
"2019-11-06",0.0054,-0.351,0.4121,0.02745,20629.7507565201
"2019-11-08",0.0077,-0.3576,0.41265,0.02775,20453.9990733858
"2019-11-10",0.00935,-0.35875,0.41215,0.02775,19717.212174912
"2019-11-12",0.0116,-0.3375,0.41235,0.02835,19612.0833059663
"2019-11-14",0.0146,-0.34055,0.41275,0.0282,19710.8229944041
"2019-11-16",0.01795,-0.34645,0.4128,0.02855,19000.8266360531
"2019-11-18",0.02045,-0.3563,0.4126,0.029,19102.2862860154
"2019-11-20",0.0241,-0.3667,0.4133,0.0293,18177.9646946429
"2019-11-22",0.02775,-0.36735,0.41365,0.02955,17029.2765352013
"2019-11-24",0.03095,-0.36785,0.41335,0.0293,16360.9183125092
"2019-11-26",0.03375,-0.38925,0.4132,0.02915,15817.5728788757
"2019-11-28",0.03775,-0.40185,0.413,0.0298,16597.7045207545
"2019-11-30",0.0406,-0.4211,0.41325,0.0299,17065.1079416068
"2019-12-02",0.0441,-0.4403,0.41335,0.0301,16447.4813383199
"2019-12-04",0.04615,-0.44,0.41365,0.03055,16173.9542127723
"2019-12-06",0.04885,-0.4452,0.41355,0.03105,16316.8605092554
"2019-12-08",0.0522,-0.44215,0.4136,0.03105,16538.2845396607
"2019-12-10",0.05465,-0.4565,0.4132,0.0312,16293.1547825035
"2019-12-12",0.0573,-0.47615,0.41355,0.031,15941.0380657812
"2019-12-14",0.06075,-0.47365,0.41395,0.03095,16067.6480974227
"2019-12-16",0.06225,-0.4811,0.41395,0.0312,15805.213630643
"2019-12-18",0.06445,-0.4756,0.4135,0.03105,14431.2046926301
"2019-12-20",0.06535,-0.4871,0.41345,0.03115,15449.0166439688
"2019-12-22",0.0668,-0.49575,0.41365,0.03135,15447.6252948685
"2019-12-24",0.0673,-0.4902,0.41325,0.03175,15790.385131604
"2019-12-26",0.06695,-0.4977,0.4134,0.03155,15525.3171874755
"2019-12-28",0.0666,-0.50245,0.4141,0.03155,15657.7977911372
"2019-12-30",0.06555,-0.5013,0.41305,0.03165,16068.7230522494
"2020-01-01",0.0649,-0.49805,0.4129,0.03195,15625.2820962494
"2020-01-03",0.06375,-0.50745,0.4133,0.03215,15156.8244197241
"2020-01-05",0.0642,-0.4832,0.41315,0.03235,16033.646203017
"2020-01-07",0.06285,-0.4836,0.4135,0.03205,16995.9275622405
"2020-01-09",0.06115,-0.4854,0.4133,0.03215,17370.9401388683
"2020-01-11",0.05825,-0.4725,0.41305,0.0324,17669.460869946
"2020-01-13",0.05765,-0.4732,0.413,0.03235,17868.5033418109
"2020-01-15",0.0557,-0.46945,0.4129,0.0322,19837.6800121672
"2020-01-17",0.0537,-0.46525,0.413,0.0326,19606.8035011684
"2020-01-19",0.05145,-0.4754,0.41355,0.03285,20040.0131009025
"2020-01-21",0.0495,-0.45175,0.41395,0.03275,19543.3808807629
"2020-01-23",0.0462,-0.44425,0.41345,0.03295,19647.6069472157
"2020-01-25",0.04365,-0.4253,0.41325,0.03225,18988.6078104713
"2020-01-27",0.04075,-0.4089,0.4133,0.03205,19417.165640398
"2020-01-29",0.03915,-0.3847,0.41345,0.03235,20924.9526165313
"2020-01-31",0.03645,-0.37485,0.4135,0.0315,21493.8421287631
"2020-02-02",0.0337,-0.36945,0.414,0.0313,21167.4337645195
"2020-02-04",0.0319,-0.3576,0.41365,0.0312,21211.121070033
"2020-02-06",0.03005,-0.3357,0.4134,0.03065,22111.7160377383
"2020-02-08",0.0293,-0.32085,0.41385,0.03015,22706.1784544004
"2020-02-10",0.0285,-0.3245,0.4143,0.0298,23528.3146429592
"2020-02-12",0.0283,-0.32485,0.4144,0.02955,23818.7631322796
"2020-02-14",0.02835,-0.3207,0.4147,0.02945,24332.0072730865
"2020-02-16",0.028,-0.30475,0.4142,0.02885,23475.765704262
"2020-02-18",0.0283,-0.28025,0.4143,0.02795,22989.9121557425
"2020-02-20",0.029,-0.2687,0.41465,0.0275,22724.8606909608
"2020-02-22",0.02955,-0.2561,0.41465,0.0273,22862.6315083855
"2020-02-24",0.0304,-0.24575,0.41535,0.0271,23514.9220611661
"2020-02-26",0.03205,-0.2473,0.41675,0.0268,21880.7832975396
"2020-02-28",0.03375,-0.23505,0.41815,0.02625,20421.5931773223
"2020-03-01",0.0354,-0.23865,0.41835,0.0263,19865.6864124751
"2020-03-03",0.03685,-0.26125,0.41945,0.0255,20728.5560971263
"2020-03-05",0.03835,-0.26395,0.4197,0.0257,20337.4891251844
"2020-03-07",0.0398,-0.2922,0.4206,0.02535,21342.0776159233
"2020-03-09",0.04235,-0.3091,0.4215,0.02505,18599.7770616962
"2020-03-11",0.04385,-0.31265,0.42155,0.02505,18376.4801667788
"2020-03-13",0.0456,-0.31165,0.42145,0.0248,11728.0875732524
"2020-03-15",0.0472,-0.31335,0.4218,0.0247,12157.3225351864
"2020-03-17",0.04945,-0.3207,0.4213,0.02455,11694.8249648417
"2020-03-19",0.0504,-0.34145,0.42205,0.0248,12423.7944586987
"2020-03-21",0.05025,-0.34365,0.4229,0.0245,14159.0863672022
"2020-03-23",0.051,-0.34175,0.42235,0.0247,13424.3825020612
"2020-03-25",0.05015,-0.35215,0.423,0.02415,15287.8046515112
"2020-03-27",0.0505,-0.3585,0.4234,0.0244,15397.5995088426
"2020-03-29",0.05115,-0.38835,0.42405,0.0248,14353.9823202367
"2020-03-31",0.05215,-0.3987,0.4249,0.02435,14653.4220897053
"2020-04-02",0.0527,-0.40635,0.4248,0.0239,15068.7988220092
"2020-04-04",0.05305,-0.42175,0.4252,0.0237,15611.3088150591
"2020-04-06",0.05215,-0.43035,0.4247,0.0234,15727.7607301145
"2020-04-08",0.0515,-0.4276,0.42375,0.02325,16811.5185891209
"2020-04-10",0.0508,-0.4268,0.42345,0.0235,17087.7674288669
"2020-04-12",0.0502,-0.41135,0.42285,0.02355,16115.6611380446
"2020-04-14",0.0496,-0.4319,0.42315,0.02305,16098.2376062495
"2020-04-16",0.04875,-0.4307,0.42275,0.02295,15555.4491307128
"2020-04-18",0.047,-0.42465,0.42205,0.02255,16549.7888443074
"2020-04-20",0.04595,-0.4422,0.4223,0.0223,16831.0669069121
"2020-04-22",0.0457,-0.46315,0.42185,0.022,16159.8831848999
"2020-04-24",0.0456,-0.4818,0.4215,0.0217,17426.6752183605
"2020-04-26",0.04545,-0.50595,0.4218,0.02145,17739.7818513094
"2020-04-28",0.04495,-0.503,0.42075,0.02105,18331.3301831596
"2020-04-30",0.04495,-0.50035,0.41975,0.0209,20455.8322561696
"2020-05-02",0.04425,-0.49705,0.4206,0.0204,23587.0349506992
"2020-05-04",0.04445,-0.50935,0.41975,0.0203,23659.66543117
"2020-05-06",0.04465,-0.52605,0.41995,0.0197,23802.9233450222
"2020-05-08",0.04485,-0.523,0.41915,0.0195,25849.1500057328
"2020-05-10",0.04475,-0.5371,0.4184,0.01915,25070.8846759573
"2020-05-12",0.04385,-0.5467,0.4184,0.0187,22621.839409768
"2020-05-14",0.04315,-0.55045,0.4174,0.0182,23139.0286825909
"2020-05-16",0.0429,-0.55365,0.41555,0.01775,24214.6392923159
"2020-05-18",0.04355,-0.5654,0.41485,0.0175,25035.0511422071
"2020-05-20",0.0442,-0.59085,0.4153,0.0168,25312.9775013739
"2020-05-22",0.04465,-0.58865,0.4149,0.01675,23883.4539860899
"2020-05-24",0.0452,-0.58515,0.4149,0.01675,24048.3163684598
"2020-05-26",0.0469,-0.5759,0.4149,0.01655,23475.550078961
"2020-05-28",0.04895,-0.5899,0.41545,0.0161,25033.1956395293
"2020-05-30",0.0505,-0.58085,0.41555,0.01605,24811.2889233361
"2020-06-01",0.05205,-0.57515,0.416,0.0162,25072.1262843168
"2020-06-03",0.05335,-0.57145,0.4162,0.0162,25368.5194164056
"2020-06-05",0.05425,-0.55555,0.41735,0.01595,25952.3945297966
"2020-06-07",0.05615,-0.55705,0.41775,0.01565,25710.7107920043
"2020-06-09",0.05895,-0.57515,0.41765,0.0155,25985.2301527762
"2020-06-11",0.06095,-0.5723,0.41715,0.0156,26197.6894876592
"2020-06-13",0.0629,-0.5604,0.4182,0.0158,25136.9995980345
"2020-06-15",0.06415,-0.5485,0.41805,0.01625,24816.9662512088
"2020-06-17",0.065,-0.54145,0.4182,0.01615,25182.7353839103
"2020-06-19",0.06625,-0.53185,0.41785,0.01645,24913.228420756
"2020-06-21",0.0682,-0.53405,0.4184,0.01665,24780.6653876786
"2020-06-23",0.06975,-0.51925,0.4189,0.01705,25645.311480326
