date,price
2014-07-31,1000
2014-08-01,1018.202717
2014-08-02,1008.772389
2014-08-03,1004.4165
2014-08-04,1004.984138
2014-08-05,998.0410565
2014-08-06,999.8663178
2014-08-07,1006.144005
2014-08-08,1012.505635
2014-08-09,1006.846193
2014-08-10,1006.86504
2014-08-11,980.9331217
2014-08-12,970.5076943
2014-08-13,930.476552
2014-08-14,862.7822021
2014-08-15,843.5153692
2014-08-16,891.0207203
2014-08-17,846.5180777
2014-08-18,786.4921555
2014-08-19,829.4406174
2014-08-20,880.5010963
2014-08-21,882.2979487
2014-08-22,882.5566
2014-08-23,849.458735
2014-08-24,869.3409207
2014-08-25,855.7833932
2014-08-26,872.9780858
2014-08-27,872.5128548
2014-08-28,866.2610835
2014-08-29,868.4953818
2014-08-30,857.5924318
2014-08-31,820.8686879
2014-09-01,814.2321201
2014-09-02,810.9593584
2014-09-03,811.6338818
2014-09-04,836.8057173
2014-09-05,822.1685513
2014-09-06,826.1332828
2014-09-07,822.7349399
2014-09-08,806.7997987
2014-09-09,808.1129548
2014-09-10,817.4124013
2014-09-11,816.5868348
2014-09-12,812.1096433
2014-09-13,816.6118471
2014-09-14,816.7506834
2014-09-15,813.2662258
2014-09-16,796.4645479
2014-09-17,785.3543419
2014-09-18,733.2341797
2014-09-19,680.2144719
2014-09-20,706.2804849
2014-09-21,685.178632
2014-09-22,688.7218943
2014-09-23,746.7688196
2014-09-24,725.9928765
2014-09-25,704.7671946
2014-09-26,696.8117642
2014-09-27,688.1426984
2014-09-28,653.2935277
2014-09-29,646.2270535
2014-09-30,669.9979464
2014-10-01,659.2523706
2014-10-02,644.0672436
2014-10-03,618.411663
2014-10-04,570.6569707
2014-10-05,565.2824686
2014-10-06,571.0504028
2014-10-07,576.0868333
2014-10-08,611.7703398
2014-10-09,620.1448164
2014-10-10,618.2748965
2014-10-11,621.403416
2014-10-12,645.907032
2014-10-13,666.830649
2014-10-14,685.7847338
2014-10-15,674.9876293
2014-10-16,653.4982305
2014-10-17,654.9047858
2014-10-18,669.6544909
2014-10-19,665.5177744
2014-10-20,653.6734758
2014-10-21,659.4481674
2014-10-22,654.9217888
2014-10-23,615.3886954
2014-10-24,612.4063704
2014-10-25,598.7981198
2014-10-26,603.3437449
2014-10-27,601.4677283
2014-10-28,606.3572568
2014-10-29,575.3415051
2014-10-30,592.5155556
2014-10-31,580.3093592
2014-11-01,557.8958107
2014-11-02,558.5353241
2014-11-03,559.2707337
2014-11-04,565.9783142
2014-11-05,582.6367535
2014-11-06,599.346403
2014-11-07,588.3052524
2014-11-08,594.1750505
2014-11-09,626.2961562
2014-11-10,626.2882295
2014-11-11,630.0576452
2014-11-12,718.113982
2014-11-13,711.3082986
2014-11-14,679.0341513
2014-11-15,648.8645733
2014-11-16,666.4636129
2014-11-17,661.9370636
2014-11-18,644.9534572
2014-11-19,648.8958047
2014-11-20,614.6708548
2014-11-21,607.4608986
2014-11-22,614.5738495
2014-11-23,643.7446967
2014-11-24,661.414861
2014-11-25,661.2065398
2014-11-26,649.6113359
2014-11-27,664.4236671
2014-11-28,682.6896886
2014-11-29,676.3530477
2014-11-30,668.5640259
2014-12-01,678.7496061
2014-12-02,684.540087
2014-12-03,673.0132822
2014-12-04,663.8817424
2014-12-05,679.1039947
2014-12-06,677.0737623
2014-12-07,679.855048
2014-12-08,652.3532842
2014-12-09,640.4167612
2014-12-10,636.9236875
2014-12-11,639.1004584
2014-12-12,647.1638994
2014-12-13,642.3924733
2014-12-14,647.4933222
2014-12-15,641.554147
2014-12-16,627.0666345
2014-12-17,626.3928973
2014-12-18,620.4296192
2014-12-19,617.5576206
2014-12-20,633.464061
2014-12-21,618.1922403
2014-12-22,646.606259
2014-12-23,647.3110572
2014-12-24,625.4374702
2014-12-25,622.0424378
2014-12-26,642.5148802
2014-12-27,615.8977791
2014-12-28,617.5943186
2014-12-29,613.2030804
2014-12-30,608.6273641
2014-12-31,621.4956997
2015-01-01,616.1316473
2015-01-02,616.933306
2015-01-03,562.6183853
2015-01-04,506.8353719
2015-01-05,533.0313055
2015-01-06,554.7199529
2015-01-07,572.9841988
2015-01-08,553.4618858
2015-01-09,561.4904236
2015-01-10,531.4034287
2015-01-11,517.3586271
2015-01-12,518.0986905
2015-01-13,428.9708196
2015-01-14,342.0667067
2015-01-15,414.9526423
2015-01-16,406.1341061
2015-01-17,391.8564527
2015-01-18,408.7084755
2015-01-19,419.1765445
2015-01-20,412.8831068
2015-01-21,437.4817769
2015-01-22,451.8116458
2015-01-23,452.3410036
2015-01-24,477.5647666
2015-01-25,486.258422
2015-01-26,511.936704
2015-01-27,491.302726
2015-01-28,488.1012886
2015-01-29,442.7601018
2015-01-30,435.6643888
2015-01-31,417.903539
2015-02-01,430.5551111
2015-02-02,450.5393327
2015-02-03,424.9289777
2015-02-04,425.171371
2015-02-05,414.8990404
2015-02-06,427.4006989
2015-02-07,432.5505786
2015-02-08,424.7914831
2015-02-09,418.3590144
2015-02-10,417.8974069
2015-02-11,415.5561482
2015-02-12,421.4065701
2015-02-13,445.697676
2015-02-14,485.6408987
2015-02-15,437.4368495
2015-02-16,442.6830486
2015-02-17,454.2855419
2015-02-18,440.3476732
2015-02-19,449.7628788
2015-02-20,454.8702829
2015-02-21,454.0992297
2015-02-22,439.5756614
2015-02-23,444.7292896
2015-02-24,446.2598087
2015-02-25,444.3681395
2015-02-26,441.9755873
2015-02-27,471.6624909
2015-02-28,469.5931471
2015-03-01,473.4413865
2015-03-02,493.0892133
2015-03-03,504.4912582
2015-03-04,489.4490455
2015-03-05,498.4193516
2015-03-06,491.9397335
2015-03-07,496.2105792
2015-03-08,493.8288093
2015-03-09,519.021858
2015-03-10,517.8795216
2015-03-11,527.209257
2015-03-12,524.7979569
2015-03-13,515.6742767
2015-03-14,507.0598895
2015-03-15,512.2627461
2015-03-16,520.7797618
2015-03-17,511.1818999
2015-03-18,462.5387724
2015-03-19,469.691227
2015-03-20,471.1443887
2015-03-21,468.2508085
2015-03-22,481.942197
2015-03-23,479.466817
2015-03-24,443.300883
2015-03-25,442.6246006
2015-03-26,443.3302905
2015-03-27,443.2128512
2015-03-28,451.1114586
2015-03-29,434.3003512
2015-03-30,441.7096883
2015-03-31,435.9645292
2015-04-01,437.0940488
2015-04-02,447.5413901
2015-04-03,452.5780392
2015-04-04,452.4210414
2015-04-05,462.275882
2015-04-06,455.4570504
2015-04-07,452.6231327
2015-04-08,438.4003866
2015-04-09,435.2477173
2015-04-10,419.1259337
2015-04-11,422.0594037
2015-04-12,421.6472976
2015-04-13,400.8900332
2015-04-14,390.6881186
2015-04-15,398.0584298
2015-04-16,406.8403082
2015-04-17,397.5428806
2015-04-18,397.7921309
2015-04-19,396.9229963
2015-04-20,400.0503434
2015-04-21,417.3243734
2015-04-22,416.3200125
2015-04-23,418.7714062
2015-04-24,411.8192434
2015-04-25,403.469886
2015-04-26,389.8390302
2015-04-27,406.4563669
2015-04-28,400.9325092
2015-04-29,402.2887548
2015-04-30,419.7282765
2015-05-01,413.8612544
2015-05-02,417.8229198
2015-05-03,425.2087923
2015-05-04,423.6239985
2015-05-05,418.2944711
2015-05-06,407.9790417
2015-05-07,418.2639912
2015-05-08,429.5643759
2015-05-09,426.0419919
2015-05-10,421.9578146
2015-05-11,425.7169228
2015-05-12,425.2141411
2015-05-13,414.2606235
2015-05-14,415.4320572
2015-05-15,416.2796263
2015-05-16,414.768021
2015-05-17,413.4259142
2015-05-18,405.4536712
2015-05-19,408.1021469
2015-05-20,412.2083623
2015-05-21,414.2958956
2015-05-22,424.0628142
2015-05-23,421.7362283
2015-05-24,425.5902457
2015-05-25,419.6492565
2015-05-26,419.4687025
2015-05-27,419.8101286
2015-05-28,424.1202214
2015-05-29,427.7956212
2015-05-30,418.8472933
2015-05-31,412.1759782
2015-06-01,399.1722862
2015-06-02,404.1700529
2015-06-03,404.104152
2015-06-04,401.6024913
2015-06-05,403.4990589
2015-06-06,403.9239004
2015-06-07,400.7862357
2015-06-08,410.0379202
2015-06-09,411.3156762
2015-06-10,410.4231949
2015-06-11,411.7944691
2015-06-12,412.5752424
2015-06-13,416.5563191
2015-06-14,418.5062619
2015-06-15,425.8897857
2015-06-16,450.9443433
2015-06-17,447.3250689
2015-06-18,451.9165876
2015-06-19,446.2731759
2015-06-20,449.3640837
2015-06-21,444.5728139
2015-06-22,450.5259591
2015-06-23,445.1434389
2015-06-24,440.2945765
2015-06-25,443.8224784
2015-06-26,444.5299633
2015-06-27,459.5617627
2015-06-28,454.829751
2015-06-29,470.3657359
2015-06-30,478.1724949
2015-07-01,469.1141492
2015-07-02,463.9785672
2015-07-03,465.3771263
2015-07-04,472.5621986
2015-07-05,487.2731889
2015-07-06,482.6239269
2015-07-07,476.5071078
2015-07-08,482.7691019
2015-07-09,481.5172497
2015-07-10,506.4287137
2015-07-11,515.9337367
2015-07-12,546.4046126
2015-07-13,514.2892381
2015-07-14,507.9742748
2015-07-15,502.6469138
2015-07-16,489.0871457
2015-07-17,491.3261449
2015-07-18,485.5582962
2015-07-19,482.7118751
2015-07-20,489.1018767
2015-07-21,484.5332078
2015-07-22,486.2082104
2015-07-23,485.2297643
2015-07-24,507.010855
2015-07-25,507.5611494
2015-07-26,513.8088816
2015-07-27,516.6987238
2015-07-28,518.9445071
2015-07-29,510.1439866
2015-07-30,507.3052412
2015-07-31,501.7725984
2015-08-01,495.7627455
2015-08-02,497.3199235
2015-08-03,497.6852716
2015-08-04,501.44214
2015-08-05,496.8629824
2015-08-06,490.6135543
2015-08-07,491.737641
2015-08-08,462.0290311
2015-08-09,470.4018001
2015-08-10,468.5025371
2015-08-11,478.3924913
2015-08-12,473.8464596
2015-08-13,466.4287494
2015-08-14,469.6632522
2015-08-15,462.3041661
2015-08-16,456.9729159
2015-08-17,455.5281922
2015-08-18,448.3466261
2015-08-19,401.8157571
2015-08-20,416.8726709
2015-08-21,413.0981933
2015-08-22,407.2741622
2015-08-23,403.4735366
2015-08-24,374.2811283
2015-08-25,391.8330883
2015-08-26,399.7487346
2015-08-27,396.1847966
2015-08-28,410.0368828
2015-08-29,406.016113
2015-08-30,406.489982
2015-08-31,409.2468347
2015-09-01,404.0801321
2015-09-02,406.0111067
2015-09-03,401.4916505
2015-09-04,406.9373223
2015-09-05,417.1408353
2015-09-06,424.4065228
2015-09-07,426.7773323
2015-09-08,431.1798068
2015-09-09,421.4948679
2015-09-10,422.7319318
2015-09-11,427.358088
2015-09-12,418.106487
2015-09-13,411.8217185
2015-09-14,407.3413049
2015-09-15,408.0081333
2015-09-16,404.6783436
2015-09-17,411.7062032
2015-09-18,411.8034398
2015-09-19,409.7681291
2015-09-20,409.5525207
2015-09-21,401.1398357
2015-09-22,406.2989254
2015-09-23,404.4344664
2015-09-24,410.9542043
2015-09-25,412.4019069
2015-09-26,411.2135389
2015-09-27,408.5947652
2015-09-28,418.2355858
2015-09-29,412.1306216
2015-09-30,409.8841341
2015-10-01,411.8561234
2015-10-02,412.1737345
2015-10-03,413.8609854
2015-10-04,412.0459327
2015-10-05,413.6125274
2015-10-06,424.7360216
2015-10-07,419.7207216
2015-10-08,419.2348192
2015-10-09,421.7809021
2015-10-10,422.0201794
2015-10-11,425.6503519
2015-10-12,422.3755861
2015-10-13,428.2504553
2015-10-14,433.7159043
2015-10-15,436.8193266
2015-10-16,448.8605043
2015-10-17,460.8584393
2015-10-18,446.8851876
2015-10-19,449.9101001
2015-10-20,457.986627
2015-10-21,452.6534467
2015-10-22,464.1316154
2015-10-23,469.7869993
2015-10-24,478.534284
2015-10-25,481.7580018
2015-10-26,483.8303101
2015-10-27,499.6380453
2015-10-28,515.1496379
2015-10-29,533.1946986
2015-10-30,551.9386072
2015-10-31,528.3322314
2015-11-01,551.0198457
2015-11-02,592.196616
2015-11-03,668.5540542
2015-11-04,675.0404983
2015-11-05,646.6480107
2015-11-06,623.7264293
2015-11-07,647.075462
2015-11-08,622.6234591
2015-11-09,636.7040588
2015-11-10,565.6316323
2015-11-11,514.8560289
2015-11-12,568.1401207
2015-11-13,567.3749774
2015-11-14,557.1891441
2015-11-15,538.8542226
2015-11-16,556.5658453
2015-11-17,563.5485127
2015-11-18,564.153006
2015-11-19,547.7531007
2015-11-20,540.3750425
2015-11-21,546.7785844
2015-11-22,543.8313554
2015-11-23,542.9241084
2015-11-24,537.9033883
2015-11-25,551.2456816
2015-11-26,595.7965442
2015-11-27,600.02473
2015-11-28,595.738034
2015-11-29,619.7241967
2015-11-30,630.0401881
2015-12-01,605.8811755
2015-12-02,598.2776932
2015-12-03,602.2092502
2015-12-04,607.2092496
2015-12-05,653.3784125
2015-12-06,658.7385633
2015-12-07,659.5909838
2015-12-08,693.8833818
2015-12-09,707.1556047
2015-12-10,706.8741747
2015-12-11,763.6869969
2015-12-12,736.1522245
2015-12-13,738.6111411
2015-12-14,746.9927231
2015-12-15,777.6607506
2015-12-16,759.8633995
2015-12-17,763.4847856
2015-12-18,773.855516
2015-12-19,770.5187913
2015-12-20,736.8673608
2015-12-21,731.5974614
2015-12-22,728.5916004
2015-12-23,738.6439171
2015-12-24,757.6927476
2015-12-25,761.1649576
2015-12-26,698.2028271
2015-12-27,709.9821201
2015-12-28,704.7364358
2015-12-29,722.8862384
2015-12-30,714.7060071
2015-12-31,721.3088503
2016-01-01,725.8447563
2016-01-02,726.3114857
2016-01-03,719.7965478
2016-01-04,725.0927304
2016-01-05,723.2120471
2016-01-06,722.3530543
2016-01-07,762.0902584
2016-01-08,758.9898307
2016-01-09,750.7025485
2016-01-10,747.7693281
2016-01-11,749.6642957
2016-01-12,747.4861255
2016-01-13,725.1090225
2016-01-14,720.3236734
2016-01-15,618.8599321
2016-01-16,648.1618399
2016-01-17,652.2959814
2016-01-18,651.3733866
2016-01-19,640.9517495
2016-01-20,706.8421895
2016-01-21,688.9839945
2016-01-22,639.0213369
2016-01-23,660.8392507
2016-01-24,685.9812702
2016-01-25,671.1711766
2016-01-26,671.6884937
2016-01-27,679.0717409
2016-01-28,657.946197
2016-01-29,658.5938614
2016-01-30,653.2136986
2016-01-31,631.0688972
2016-02-01,641.1914651
2016-02-02,646.2546285
2016-02-03,640.4165657
2016-02-04,673.9102335
2016-02-05,671.0766636
2016-02-06,655.8627895
2016-02-07,661.5524689
2016-02-08,654.9139364
2016-02-09,662.9996231
2016-02-10,678.5245404
2016-02-11,686.3545995
2016-02-12,693.2243713
2016-02-13,705.8272947
2016-02-14,727.2153538
2016-02-15,720.858669
2016-02-16,725.1139161
2016-02-17,733.4231005
2016-02-18,745.1632174
2016-02-19,743.8081502
2016-02-20,776.8033956
2016-02-21,774.907899
2016-02-22,781.0530159
2016-02-23,752.4934087
2016-02-24,761.803743
2016-02-25,759.8528377
2016-02-26,765.48291
2016-02-27,776.9869633
2016-02-28,778.4525722
2016-02-29,783.8023321
2016-03-01,784.7530046
2016-03-02,780.7263242
2016-03-03,784.1081946
2016-03-04,771.4713216
2016-03-05,758.9281163
2016-03-06,772.7177731
2016-03-07,775.4785246
2016-03-08,776.9687456
2016-03-09,795.3719987
2016-03-10,796.9004511
2016-03-11,804.1512919
2016-03-12,807.5892722
2016-03-13,821.9152726
2016-03-14,803.3580813
2016-03-15,809.929928
2016-03-16,807.7106064
2016-03-17,798.6063102
2016-03-18,779.8273743
2016-03-19,774.6736379
2016-03-20,780.480914
2016-03-21,793.2023886
2016-03-22,797.5370415
2016-03-23,810.7380489
2016-03-24,795.7252087
2016-03-25,793.3168164
2016-03-26,797.961601
2016-03-27,805.6528138
2016-03-28,810.3998546
2016-03-29,799.9762679
2016-03-30,794.9156684
2016-03-31,795.3527411
2016-04-01,799.6877949
2016-04-02,804.4167204
2016-04-03,802.4726557
2016-04-04,802.7771255
2016-04-05,800.3127371
2016-04-06,799.5702942
2016-04-07,791.7305844
2016-04-08,784.9800257
2016-04-09,780.9417119
2016-04-10,776.8571591
2016-04-11,778.2017608
2016-04-12,774.5715028
2016-04-13,775.335152
2016-04-14,781.966053
2016-04-15,787.9214435
2016-04-16,793.7535333
2016-04-17,795.9913841
2016-04-18,795.9060581
2016-04-19,806.6784569
2016-04-20,814.3271706
2016-04-21,826.1569544
2016-04-22,817.8766459
2016-04-23,829.8671963
2016-04-24,839.0804878
2016-04-25,838.4134426
2016-04-26,844.072327
2016-04-27,809.5110845
2016-04-28,813.1216328
2016-04-29,827.1609162
2016-04-30,825.2462048
2016-05-01,832.6903395
2016-05-02,830.2607378
2016-05-03,832.3392956
2016-05-04,827.8229153
2016-05-05,833.460641
2016-05-06,850.0404871
2016-05-07,848.03245
2016-05-08,849.0739955
2016-05-09,851.7893358
2016-05-10,832.3675308
2016-05-11,840.7767616
2016-05-12,845.8216486
2016-05-13,852.3605501
2016-05-14,848.6353046
2016-05-15,850.9476333
2016-05-16,855.9624093
2016-05-17,859.9882109
2016-05-18,871.550434
2016-05-19,862.2698638
2016-05-20,857.2533685
2016-05-21,862.1553945
2016-05-22,857.4700209
2016-05-23,856.5260357
2016-05-24,855.8614183
2016-05-25,858.780831
2016-05-26,865.5795641
2016-05-27,888.6159885
2016-05-28,978.1436883
2016-05-29,977.6138348
2016-05-30,996.8473052
2016-05-31,1003.406596
2016-06-01,1015.833418
2016-06-02,1014.386464
2016-06-03,1065.334233
2016-06-04,1069.106984
2016-06-05,1072.651079
2016-06-06,1090.48994
2016-06-07,1083.245493
2016-06-08,1091.160507
2016-06-09,1083.281218
2016-06-10,1082.281252
2016-06-11,1112.068572
2016-06-12,1243.383927
2016-06-13,1310.072692
2016-06-14,1296.677201
2016-06-15,1306.199762
2016-06-16,1439.113876
2016-06-17,1371.910381
2016-06-18,1350.866288
2016-06-19,1373.788192
2016-06-20,1322.653255
2016-06-21,1218.243126
2016-06-22,1096.956951
2016-06-23,1155.34145
2016-06-24,1221.102678
2016-06-25,1231.776653
2016-06-26,1170.375668
2016-06-27,1206.820676
2016-06-28,1193.747514
2016-06-29,1180.85834
2016-06-30,1239.826555
2016-07-01,1242.235657
2016-07-02,1262.380801
2016-07-03,1217.462635
2016-07-04,1239.370821
2016-07-05,1211.112716
2016-07-06,1224.397687
2016-07-07,1159.06773
2016-07-08,1216.654059
2016-07-09,1195.783608
2016-07-10,1190.892686
2016-07-11,1188.852051
2016-07-12,1239.586917
2016-07-13,1229.735417
2016-07-14,1235.705821
2016-07-15,1247.61395
2016-07-16,1246.378147
2016-07-17,1265.114372
2016-07-18,1250.042974
2016-07-19,1269.526398
2016-07-20,1270.336452
2016-07-21,1260.791779
2016-07-22,1253.866396
2016-07-23,1245.837312
2016-07-24,1243.112401
2016-07-25,1239.271069
2016-07-26,1210.316574
2016-07-27,1227.020803
2016-07-28,1226.432481
2016-07-29,1225.324032
2016-07-30,1221.685342
2016-07-31,1165.465845
2016-08-01,1127.186082
2016-08-02,960.6878815
2016-08-03,1057.894105
2016-08-04,1081.29724
2016-08-05,1082.595007
2016-08-06,1101.544993
2016-08-07,1109.679812
2016-08-08,1108.294307
2016-08-09,1107.032424
2016-08-10,1115.609387
2016-08-11,1108.324875
2016-08-12,1107.772747
2016-08-13,1101.952032
2016-08-14,1077.988144
2016-08-15,1071.91455
2016-08-16,1079.674668
2016-08-17,1075.403652
2016-08-18,1077.363329
2016-08-19,1079.514918
2016-08-20,1096.879161
2016-08-21,1091.980299
2016-08-22,1100.62125
2016-08-23,1093.796782
2016-08-24,1087.316217
2016-08-25,1084.702393
2016-08-26,1086.989291
2016-08-27,1070.626383
2016-08-28,1081.025452
2016-08-29,1084.088705
2016-08-30,1089.600795
2016-08-31,1084.426512
2016-09-01,1087.983854
2016-09-02,1094.368938
2016-09-03,1126.585796
2016-09-04,1148.865607
2016-09-05,1147.505972
2016-09-06,1150.299078
2016-09-07,1155.586964
2016-09-08,1171.064468
2016-09-09,1166.933452
2016-09-10,1174.292083
2016-09-11,1138.467583
2016-09-12,1142.065981
2016-09-13,1143.32255
2016-09-14,1147.266234
2016-09-15,1147.982998
2016-09-16,1151.154428
2016-09-17,1150.567716
2016-09-18,1151.978183
2016-09-19,1159.292297
2016-09-20,1167.288831
2016-09-21,1141.187514
2016-09-22,1137.223078
2016-09-23,1150.821833
2016-09-24,1148.39329
2016-09-25,1148.102603
2016-09-26,1155.012769
2016-09-27,1154.576179
2016-09-28,1158.443273
2016-09-29,1156.743445
2016-09-30,1163.354408
2016-10-01,1167.07279
2016-10-02,1162.33881
2016-10-03,1166.286967
2016-10-04,1158.600206
2016-10-05,1158.426579
2016-10-06,1155.859595
2016-10-07,1160.98988
2016-10-08,1157.842852
2016-10-09,1154.657599
2016-10-10,1152.025177
2016-10-11,1194.021046
2016-10-12,1185.108836
2016-10-13,1184.416912
2016-10-14,1191.98446
2016-10-15,1187.312597
2016-10-16,1192.748683
2016-10-17,1187.25737
2016-10-18,1189.742532
2016-10-19,1174.961866
2016-10-20,1177.666844
2016-10-21,1180.371569
2016-10-22,1214.356197
2016-10-23,1210.78025
2016-10-24,1208.36687
2016-10-25,1207.91755
2016-10-26,1241.735674
2016-10-27,1255.123936
2016-10-28,1262.240381
2016-10-29,1287.900149
2016-10-30,1270.016005
2016-10-31,1268.63125
2016-11-01,1314.64956
2016-11-02,1322.926391
2016-11-03,1247.23296
2016-11-04,1277.208992
2016-11-05,1283.136212
2016-11-06,1294.23753
2016-11-07,1284.188215
2016-11-08,1289.560016
2016-11-09,1305.788432
2016-11-10,1292.361537
2016-11-11,1296.024779
2016-11-12,1272.274569
2016-11-13,1274.646216
2016-11-14,1279.140946
2016-11-15,1289.726401
2016-11-16,1331.268352
2016-11-17,1325.900894
2016-11-18,1337.00649
2016-11-19,1341.861116
2016-11-20,1305.256941
2016-11-21,1318.991448
2016-11-22,1339.604622
2016-11-23,1326.891422
2016-11-24,1314.688779
2016-11-25,1318.36293
2016-11-26,1310.045278
2016-11-27,1301.211145
2016-11-28,1305.310547
2016-11-29,1298.899128
2016-11-30,1320.795879
2016-12-01,1335.312753
2016-12-02,1355.596019
2016-12-03,1348.77674
2016-12-04,1346.416818
2016-12-05,1317.102757
2016-12-06,1335.194882
2016-12-07,1350.218178
2016-12-08,1360.359189
2016-12-09,1364.854831
2016-12-10,1364.589829
2016-12-11,1359.156601
2016-12-12,1377.364975
2016-12-13,1376.216363
2016-12-14,1371.250179
2016-12-15,1368.747782
2016-12-16,1379.734194
2016-12-17,1389.66582
2016-12-18,1391.78965
2016-12-19,1393.064098
2016-12-20,1407.188626
2016-12-21,1450.613045
2016-12-22,1498.952869
2016-12-23,1588.457862
2016-12-24,1551.076176
2016-12-25,1554.474914
2016-12-26,1568.79067
2016-12-27,1612.196501
2016-12-28,1694.928115
2016-12-29,1695.375091
2016-12-30,1680.169704
2016-12-31,1688.617567
2017-01-01,1737.415591
2017-01-02,1777.585922
2017-01-03,1815.817644
2017-01-04,1987.19312
2017-01-05,1751.581785
2017-01-06,1593.464083
2017-01-07,1598.931487
2017-01-08,1616.232233
2017-01-09,1607.697761
2017-01-10,1619.516888
2017-01-11,1410.373237
2017-01-12,1438.008742
2017-01-13,1477.265662
2017-01-14,1469.408086
2017-01-15,1475.927448
2017-01-16,1486.615191
2017-01-17,1613.846449
2017-01-18,1564.328999
2017-01-19,1604.517307
2017-01-20,1596.867672
2017-01-21,1645.850845
2017-01-22,1642.997961
2017-01-23,1644.033082
2017-01-24,1585.632276
2017-01-25,1598.356644
2017-01-26,1636.745618
2017-01-27,1640.557501
2017-01-28,1645.550408
2017-01-29,1635.471486
2017-01-30,1650.142729
2017-01-31,1726.512763
2017-02-01,1757.550234
2017-02-02,1793.862495
2017-02-03,1805.894962
2017-02-04,1838.746924
2017-02-05,1811.027108
2017-02-06,1824.051393
2017-02-07,1869.778414
2017-02-08,1874.801064
2017-02-09,1749.557673
2017-02-10,1770.233166
2017-02-11,1802.849261
2017-02-12,1785.536988
2017-02-13,1777.551944
2017-02-14,1816.971845
2017-02-15,1815.234639
2017-02-16,1856.113859
2017-02-17,1890.038525
2017-02-18,1893.073379
2017-02-19,1885.245268
2017-02-20,1930.235892
2017-02-21,2001.011344
2017-02-22,1997.060932
2017-02-23,2103.62325
2017-02-24,2094.782904
2017-02-25,2047.808366
2017-02-26,2108.334576
2017-02-27,2135.827828
2017-02-28,2134.476475
2017-03-01,2215.227432
2017-03-02,2291.562039
2017-03-03,2345.507426
2017-03-04,2300.942608
2017-03-05,2317.541299
2017-03-06,2332.025534
2017-03-07,2248.391678
2017-03-08,2090.558155
2017-03-09,2172.778481
2017-03-10,2037.310122
2017-03-11,2206.020879
2017-03-12,2305.094901
2017-03-13,2375.375331
2017-03-14,2390.494307
2017-03-15,2469.096568
2017-03-16,2445.149731
2017-03-17,2251.305762
2017-03-18,1977.231594
2017-03-19,2183.457377
2017-03-20,2180.848486
2017-03-21,2306.76126
2017-03-22,2182.747341
2017-03-23,2192.294259
2017-03-24,2119.584593
2017-03-25,2150.213194
2017-03-26,2126.429602
2017-03-27,2255.370147
2017-03-28,2274.159845
2017-03-29,2287.400008
2017-03-30,2298.285798
2017-03-31,2373.523009
2017-04-01,2393.698718
2017-04-02,2514.041781
2017-04-03,2458.333487
2017-04-04,2465.448703
2017-04-05,2503.753756
2017-04-06,2558.887114
2017-04-07,2558.873333
2017-04-08,2566.78912
2017-04-09,2569.966759
2017-04-10,2591.44745
2017-04-11,2614.805563
2017-04-12,2641.438344
2017-04-13,2601.977407
2017-04-14,2597.485282
2017-04-15,2610.940695
2017-04-16,2614.743913
2017-04-17,2644.034824
2017-04-18,2681.231545
2017-04-19,2654.447674
2017-04-20,2723.446755
2017-04-21,2729.839298
2017-04-22,2729.593503
2017-04-23,2743.754497
2017-04-24,2753.620474
2017-04-25,2778.740113
2017-04-26,2855.879138
2017-04-27,3022.018828
2017-04-28,3126.650667
2017-04-29,3174.96872
2017-04-30,3279.401557
2017-05-01,3332.326765
2017-05-02,3393.758248
2017-05-03,3547.618448
2017-05-04,3783.459057
2017-05-05,3850.648383
2017-05-06,4030.507623
2017-05-07,4170.183366
2017-05-08,4502.155158
2017-05-09,4428.155178
2017-05-10,4612.844658
2017-05-11,4687.249195
2017-05-12,4605.278094
2017-05-13,4722.396443
2017-05-14,4798.105983
2017-05-15,4809.959454
2017-05-16,4809.959454
2017-05-17,5491.978204
2017-05-18,5672.18302
2017-05-19,5997.808228
2017-05-20,6194.483501
2017-05-21,6480.957443
2017-05-22,6520.295185
2017-05-23,7153.138129
2017-05-24,7518.10555
2017-05-25,6928.013758
2017-05-26,6619.194665
2017-05-27,6083.235315
2017-05-28,6522.083546
2017-05-29,6863.330548
2017-05-30,6868.993716
2017-05-31,7313.223775
2017-06-01,7787.903648
2017-06-02,7940.360402
2017-06-03,7975.585629
2017-06-04,8246.037891
2017-06-05,8594.798119
2017-06-06,9073.520371
2017-06-07,8589.570359
2017-06-08,8893.548384
2017-06-09,9092.978335
2017-06-10,9636.301089
2017-06-11,9944.817377
2017-06-12,9732.891486
2017-06-13,9868.508772
2017-06-14,9067.913157
2017-06-15,8879.28907
2017-06-16,9162.902799
2017-06-17,9741.479719
2017-06-18,9487.431551
2017-06-19,9736.022248
2017-06-20,10024.29445
2017-06-21,9510.895953
2017-06-22,9545.910285
2017-06-23,9736.267638
2017-06-24,9239.952616
2017-06-25,8932.880649
2017-06-26,8299.52413
2017-06-27,8566.338169
2017-06-28,9044.482529
2017-06-29,8791.333193
2017-06-30,8471.914468
2017-07-01,8094.944699
2017-07-02,8475.134436
2017-07-03,8560.348103
2017-07-04,8594.197893
2017-07-05,8550.877834
2017-07-06,8553.752625
2017-07-07,7951.656711
2017-07-08,8130.531826
2017-07-09,7917.250716
2017-07-10,7136.984065
2017-07-11,6875.790368
2017-07-12,7393.320375
2017-07-13,7146.693881
2017-07-14,6736.247492
2017-07-15,6032.488712
2017-07-16,5623.179906
2017-07-17,6531.017101
2017-07-18,7164.820328
2017-07-19,6714.146519
2017-07-20,7905.069245
2017-07-21,7692.374026
2017-07-22,8198.274529
2017-07-23,8002.204611
2017-07-24,8033.30774
2017-07-25,7395.440267
2017-07-26,7247.405886
2017-07-27,7500.814913
2017-07-28,7818.24689
2017-07-29,7588.339329
2017-07-30,7476.493672
2017-07-31,7768.842015
2017-08-01,7850.188933
2017-08-02,7728.258095
2017-08-03,7950.68222
2017-08-04,8046.949453
2017-08-05,9031.68124
2017-08-06,9028.204969
2017-08-07,9400.209729
2017-08-08,9823.91339
2017-08-09,9675.119116
2017-08-10,9724.775687
2017-08-11,10143.83472
2017-08-12,10506.97468
2017-08-13,10730.41976
2017-08-14,10996.69307
2017-08-15,10841.25679
2017-08-16,11178.88397
2017-08-17,11461.10211
2017-08-18,10825.76524
2017-08-19,10908.49895
2017-08-20,10786.31674
2017-08-21,11044.57813
2017-08-22,11245.48521
2017-08-23,11462.22627
2017-08-24,11564.37369
2017-08-25,11725.91628
2017-08-26,11694.48995
2017-08-27,11794.96119
2017-08-28,12058.48002
2017-08-29,12495.41178
2017-08-30,12967.58326
2017-08-31,13429.87437
2017-09-01,13808.64474
2017-09-02,12697.92575
2017-09-03,12906.76591
2017-09-04,11664.57768
2017-09-05,12168.50941
2017-09-06,12676.01669
2017-09-07,12563.53995
2017-09-08,11712.46071
2017-09-09,11575.23722
2017-09-10,11274.79004
2017-09-11,11404.71412
2017-09-12,11275.29239
2017-09-13,10679.09454
2017-09-14,8414.229044
2017-09-15,9689.39634
2017-09-16,9692.35801
2017-09-17,9534.629771
2017-09-18,10885.06266
2017-09-19,10707.75546
2017-09-20,10617.02311
2017-09-21,9921.039778
2017-09-22,9819.529171
2017-09-23,10486.47192
2017-09-24,10614.3014
2017-09-25,10998.04874
2017-09-26,10782.65852
2017-09-27,11366.70984
2017-09-28,11058.24492
2017-09-29,10962.45445
2017-09-30,11351.10731
2017-10-01,11446.25358
2017-10-02,11443.18063
2017-10-03,11269.10546
2017-10-04,11097.64041
2017-10-05,11261.46929
2017-10-06,11471.4909
2017-10-07,11611.42932
2017-10-08,11894.59466
2017-10-09,11895.33619
2017-10-10,12025.67707
2017-10-11,12130.89593
2017-10-12,12843.38558
2017-10-13,13656.60741
2017-10-14,13755.63413
2017-10-15,13778.89211
2017-10-16,13787.9659
2017-10-17,13508.31173
2017-10-18,13334.0485
2017-10-19,13392.08601
2017-10-20,13681.07088
2017-10-21,13776.53292
2017-10-22,13661.53782
2017-10-23,13498.83297
2017-10-24,13060.16602
2017-10-25,13269.61142
2017-10-26,13499.62767
2017-10-27,13401.49457
2017-10-28,13384.0713
2017-10-29,14120.67111
2017-10-30,14128.95835
2017-10-31,14449.91273
2017-11-01,14869.46128
2017-11-02,15414.63154
2017-11-03,15880.48926
2017-11-04,15970.58528
2017-11-05,16013.31679
2017-11-06,15659.3479
2017-11-07,15772.90539
2017-11-08,16507.90108
2017-11-09,16446.62962
2017-11-10,15757.68675
2017-11-11,16115.4187
2017-11-12,15572.37612
2017-11-13,16177.24516
2017-11-14,16735.34732
2017-11-15,17597.77305
2017-11-16,17895.23672
2017-11-17,18354.36197
2017-11-18,18695.30912
2017-11-19,18905.10396
2017-11-20,19465.44935
2017-11-21,19168.40772
2017-11-22,19878.16303
2017-11-23,20410.34226
2017-11-24,21194.79377
2017-11-25,21905.81003
2017-11-26,22919.62122
2017-11-27,23907.72668
2017-11-28,24760.17497
2017-11-29,22897.33783
2017-11-30,24251.7514
2017-12-01,25927.54245
2017-12-02,25874.83554
2017-12-03,26167.41196
2017-12-04,27655.83851
2017-12-05,28773.2363
2017-12-06,30382.40255
2017-12-07,37055.04575
2017-12-08,35770.83609
2017-12-09,33264.96143
2017-12-10,33368.48
2017-12-11,36621.45502
2017-12-12,39636.24926
2017-12-13,39402.84099
2017-12-14,41990.06991
2017-12-15,43101.33917
2017-12-16,46296.36243
2017-12-17,46807.97194
2017-12-18,48795.65841
2017-12-19,49205.10296
2017-12-20,48494.25505
2017-12-21,47949.28581
2017-12-22,40537.65707
2017-12-23,44805.40925
2017-12-24,42768.68179
2017-12-25,42875.22529
2017-12-26,47440.63791
2017-12-27,47111.28421
2017-12-28,44592.60315
2017-12-29,48048.23896
2017-12-30,44812.19088
2017-12-31,48365.44489
2018-01-01,47588.09681
2018-01-02,51843.04291
2018-01-03,56888.01301
2018-01-04,58500.8183
2018-01-05,58899.68348
2018-01-06,62895.25939
2018-01-07,62848.82399
2018-01-08,57504.48488
2018-01-09,57166.86602
2018-01-10,56403.97559
2018-01-11,51050.86457
2018-01-12,55542.84586
2018-01-13,57821.91428
2018-01-14,54769.62015
2018-01-15,52535.52603
2018-01-16,40778.26805
2018-01-17,40692.53904
2018-01-18,42348.09815
2018-01-19,42675.47842
2018-01-20,47623.77815
2018-01-21,41822.08255
2018-01-22,39294.88978
2018-01-23,39023.13863
2018-01-24,40651.45077
2018-01-25,40621.42797
2018-01-26,39776.82789
2018-01-27,41243.26254
2018-01-28,43686.10855
2018-01-29,41566.84607
2018-01-30,41288.77912
2018-01-31,36777.1191
2018-02-01,37667.68313
2018-02-02,33370.50543
2018-02-03,31452.83534
2018-02-04,32465.31762
2018-02-05,29516.75724
2018-02-06,24039.06858
2018-02-07,27411.28287
2018-02-08,26497.8278
2018-02-09,28990.84918
2018-02-10,31198.67834
2018-02-11,31282.48985
2018-02-12,29718.34312
2018-02-13,32006.79571
2018-02-14,30889.20396
2018-02-15,34142.12374
2018-02-16,35447.94334
2018-02-17,35814.37807
2018-02-18,37914.44971
2018-02-19,35841.86338
2018-02-20,37130.18792
2018-02-21,36983.0935
2018-02-22,36690.59834
2018-02-23,32399.78765
2018-02-24,33774.23807
2018-02-25,32015.47341
2018-02-26,32282.40118
2018-02-27,33724.08675
2018-02-28,34345.64498
2018-03-01,33050.14601
2018-03-02,34186.74082
2018-03-03,34373.0474
2018-03-04,34542.5149
2018-03-05,34851.2297
2018-03-06,34946.61018
2018-03-07,32911.62332
2018-03-08,30696.70095
2018-03-09,28823.83893
2018-03-10,28802.07962
2018-03-11,27605.30285
2018-03-12,29277.38383
2018-03-13,28409.14445
2018-03-14,28246.69759
2018-03-15,25265.76598
2018-03-16,25339.2001
2018-03-17,25576.65807
2018-03-18,23938.24955
2018-03-19,24013.64324
2018-03-20,25557.1946
2018-03-21,26146.83332
2018-03-22,26253.72355
2018-03-23,25434.69966
2018-03-24,25480.90994
2018-03-25,24925.72827
2018-03-26,24673.69199
2018-03-27,23470.5622
2018-03-28,22292.8564
2018-03-29,22405.46443
2018-03-30,19945.99544
2018-03-31,19662.32317
2018-04-01,19758.65729
2018-04-02,19179.86259
2018-04-03,19836.73083
2018-04-04,21186.73729
2018-04-05,19325.09202
2018-04-06,19441.45843
2018-04-07,18693.65941
2018-04-08,19339.46774
2018-04-09,19728.02934
2018-04-10,19371.72905
2018-04-11,19614.47594
2018-04-12,20358.72617
2018-04-13,22991.21312
2018-04-14,22979.6367
2018-04-15,23117.80423
2018-04-16,24411.88024
2018-04-17,23830.16875
2018-04-18,23530.92459
2018-04-19,24779.08693
2018-04-20,26061.92158
2018-04-21,27597.5128
2018-04-22,28026.61972
2018-04-23,28062.72042
2018-04-24,28951.205
2018-04-25,31671.65866
2018-04-26,28205.37682
2018-04-27,29977.15552
2018-04-28,29147.5142
2018-04-29,30639.1297
2018-04-30,31331.35692
2018-05-01,30253.64684
2018-05-02,30191.75528
2018-05-03,30722.88554
2018-05-04,32510.02033
2018-05-05,32491.57092
2018-05-06,33430.97631
2018-05-07,32750.57607
2018-05-08,31565.56798
2018-05-09,31027.32244
2018-05-10,31102.09306
2018-05-11,29828.90734
2018-05-12,27634.15668
2018-05-13,28148.73795
2018-05-14,29243.11465
2018-05-15,29115.71744
2018-05-16,27983.7833
2018-05-17,27690.04233
2018-05-18,26429.30847
2018-05-19,27044.56321
2018-05-20,26892.88316
2018-05-21,27934.04266
2018-05-22,27440.87567
2018-05-23,25891.09714
2018-05-24,23995.07506
2018-05-25,24609.51746
2018-05-26,24066.49875
2018-05-27,23795.06782
2018-05-28,23590.06629
2018-05-29,22109.11795
2018-05-30,23686.37178
2018-05-31,23494.87395
2018-06-01,23939.0156
2018-06-02,24106.17392
2018-06-03,24731.1309
2018-06-04,25325.67832
2018-06-05,24493.39897
2018-06-06,24998.55928
2018-06-07,24957.96713
2018-06-08,24958.91739
2018-06-09,24714.61062
2018-06-10,24224.50338
2018-06-11,21757.76606
2018-06-12,22163.66605
2018-06-13,20841.71742
2018-06-14,20003.55753
2018-06-15,21256.30235
2018-06-16,20281.32228
2018-06-17,20490.38231
2018-06-18,20305.87702
2018-06-19,21134.4935
2018-06-20,21450.24732
2018-06-21,21321.10834
2018-06-22,21149.42438
2018-06-23,19016.68159
2018-06-24,19236.5515
2018-06-25,18858.89815
2018-06-26,19117.31872
2018-06-27,18228.69407
2018-06-28,18541.36339
2018-06-29,17714.35831
2018-06-30,18483.00886
2018-07-01,19112.83607
2018-07-02,18985.64819
2018-07-03,20023.71424
2018-07-04,19672.02393
2018-07-05,19886.29039
2018-07-06,19752.80234
2018-07-07,19789.17462
2018-07-08,20270.65502
2018-07-09,20111.70291
2018-07-10,19712.33827
2018-07-11,18513.14303
2018-07-12,18798.72259
2018-07-13,18278.50638
2018-07-14,18453.04859
2018-07-15,18489.57333
2018-07-16,18938.15797
2018-07-17,20293.19577
2018-07-18,21602.36098
2018-07-19,21362.00122
2018-07-20,21373.8021
2018-07-21,20596.57879
2018-07-22,20934.1194
2018-07-23,20890.96163
2018-07-24,21237.08262
2018-07-25,22831.83629
2018-07-26,22322.25324
2018-07-27,21774.81724
2018-07-28,22222.07994
2018-07-29,22284.0277
2018-07-30,22294.20274
2018-07-31,22028.87432
2018-08-01,20869.60012
2018-08-02,20549.67333
2018-08-03,20165.15865
2018-08-04,20085.63202
2018-08-05,19189.28253
2018-08-06,19356.84451
2018-08-07,19023.26395
2018-08-08,18144.30801
2018-08-09,16714.54837
2018-08-10,17390.08309
2018-08-11,16289.25141
2018-08-12,16038.80728
2018-08-13,16251.41589
2018-08-14,15653.08681
2018-08-15,15362.86834
2018-08-16,15524.88732
2018-08-17,15697.19747
2018-08-18,16967.81322
2018-08-19,16163.36842
2018-08-20,16490.42022
2018-08-21,15590.52386
2018-08-22,16155.20331
2018-08-23,15694.29401
2018-08-24,16149.06637
2018-08-25,16487.33695
2018-08-26,16548.53651
2018-08-27,16396.71376
2018-08-28,17061.22576
2018-08-29,17667.36745
2018-08-30,17460.66265
2018-08-31,17305.06928
2018-09-01,17365.23616
2018-09-02,18033.71848
2018-09-03,18148.82
2018-09-04,17966.99808
2018-09-05,18108.51437
2018-09-06,16071.19151
2018-09-07,15703.78812
2018-09-08,15310.5933
2018-09-09,14633.34072
2018-09-10,14813.7792
2018-09-11,14811.99627
2018-09-12,14590.48596
2018-09-13,14640.07858
2018-09-14,15344.5202
2018-09-15,15305.56352
2018-09-16,15492.95958
2018-09-17,15424.56382
2018-09-18,14609.68244
2018-09-19,15159.08314
2018-09-20,15220.42365
2018-09-21,16144.94289
2018-09-22,17374.73891
2018-09-23,17260.44804
2018-09-24,17339.02752
2018-09-25,16555.7978
2018-09-26,16294.42558
2018-09-27,16336.60608
2018-09-28,17113.91757
2018-09-29,16870.58894
2018-09-30,17014.01727
2018-10-01,17078.00422
2018-10-02,17021.94979
2018-10-03,16602.03577
2018-10-04,16517.41659
2018-10-05,16666.46013
2018-10-06,16790.72163
2018-10-07,16569.25475
2018-10-08,16598.97089
2018-10-09,16827.4432
2018-10-10,16705.30468
2018-10-11,16525.9355
2018-10-12,15050.19052
2018-10-13,15355.43717
2018-10-14,15470.59004
2018-10-15,15342.49212
2018-10-16,16276.02719
2018-10-17,16328.89946
2018-10-18,16341.44968
2018-10-19,15988.94526
2018-10-20,15931.05862
2018-10-21,16076.34793
2018-10-22,16053.00353
2018-10-23,15994.74901
2018-10-24,15882.57172
2018-10-25,15896.50079
2018-10-26,15860.77897
2018-10-27,15883.98635
2018-10-28,15820.11374
2018-10-29,15910.01881
2018-10-30,15336.0317
2018-10-31,15461.70751
2018-11-01,15574.38297
2018-11-02,15641.64182
2018-11-03,15641.64182
2018-11-04,15761.36497
2018-11-05,15935.27961
2018-11-06,16197.19771
2018-11-07,16751.1112
2018-11-08,16788.87427
2018-11-09,16405.77035
2018-11-10,16203.74618
2018-11-11,16240.42649
2018-11-12,16237.48902
2018-11-13,16213.38144
2018-11-14,16074.78232
2018-11-15,14504.2448
2018-11-16,14332.57452
2018-11-17,14027.91541
2018-11-18,14088.18689
2018-11-19,14136.47307
2018-11-20,13407.03227
2018-11-21,11028.63065
2018-11-22,11580.68346
2018-11-23,10842.0089
2018-11-24,10792.11731
2018-11-25,9682.293882
2018-11-26,9962.750187
2018-11-27,9460.132623
2018-11-28,9473.017754
2018-11-29,10463.50468
2018-11-30,10350.59819
2018-12-01,10350.59819
2018-12-02,10190.15365
2018-12-03,10003.56528
2018-12-04,9417.657124
2018-12-05,9513.722081
2018-12-06,9027.140252
2018-12-07,8211.87305
2018-12-08,8119.73085
2018-12-09,8124.584181
2018-12-10,8420.090968
2018-12-11,8119.354787
2018-12-12,7985.814608
2018-12-13,8130.098071
2018-12-14,7802.583183
2018-12-15,7598.883357
2018-12-16,7597.583542
2018-12-17,7633.569783
2018-12-18,8422.180602
2018-12-19,8858.823248
2018-12-20,8931.576968
2018-12-21,9868.119243
2018-12-22,9446.646827
2018-12-23,9690.662688
2018-12-24,9890.979202
2018-12-25,10268.36612
2018-12-26,9484.603738
2018-12-27,9585.082085
2018-12-28,8907.677913
2018-12-29,9726.786908
2018-12-30,9728.17573
2018-12-31,9651.907881
2019-01-01,9401.674578
2019-01-02,9707.099083
2019-01-03,10069.57668
2019-01-04,9735.195988
2019-01-05,9884.122463
2019-01-06,9833.276351
2019-01-07,10318.21741
2019-01-08,10198.60787
2019-01-09,10204.74677
2019-01-10,10280.70146
2019-01-11,9205.821717
2019-01-12,9136.557934
2019-01-13,9108.736653
2019-01-14,8731.71918
2019-01-15,9247.245035
2019-01-16,8982.009375
2019-01-17,9107.649033
2019-01-18,9149.210868
2019-01-19,9055.223018
2019-01-20,9247.065152
2019-01-21,8911.628594
2019-01-22,8892.60229
2019-01-23,8999.530967
2019-01-24,8948.408964
2019-01-25,8980.575927
2019-01-26,8964.320481
2019-01-27,8967.97257
2019-01-28,8889.918031
2019-01-29,8488.340942
2019-01-30,8427.141896
2019-01-31,8672.283768
2019-02-01,8726.195976
2019-02-02,8785.661176
2019-02-03,8858.248441
2019-02-04,8766.779005
2019-02-05,8784.920991
2019-02-06,8793.127435
2019-02-07,8607.288523
2019-02-08,8612.979153
2019-02-09,9331.149128
2019-02-10,9407.476359
2019-02-11,9464.571812
2019-02-12,9326.06602
2019-02-13,9365.615993
2019-02-14,9288.950522
2019-02-15,9221.470286
2019-02-16,9259.721608
2019-02-17,9312.820816
2019-02-18,9531.346823
2019-02-19,10157.48788
2019-02-20,10231.64758
2019-02-21,10489.34327
2019-02-22,10282.06551
2019-02-23,10419.76865
2019-02-24,10846.13902
2019-02-25,9794.542792
2019-02-26,10031.69096
2019-02-27,9942.999594
2019-02-28,9949.724474
2019-03-01,9948.993565
2019-03-02,9980.02694
2019-03-03,9950.494211
2019-03-04,9895.53097
2019-03-05,9611.843285
2019-03-06,10075.29815
2019-03-07,10117.88343
2019-03-08,10136.68205
2019-03-09,10058.41117
2019-03-10,10291.95744
2019-03-11,10263.97973
2019-03-12,10099.35046
2019-03-13,10177.32239
2019-03-14,10143.67396
2019-03-15,10186.29674
2019-03-16,10365.10845
2019-03-17,10603.62021
2019-03-18,10510.44648
2019-03-19,10518.16491
2019-03-20,10583.17916
2019-03-21,10670.79362
2019-03-22,10476.66685
2019-03-23,10541.63881
2019-03-24,10609.16279
2019-03-25,10558.90173
2019-03-26,10478.84798
2019-03-27,10381.57622
2019-03-28,10708.37849
2019-03-29,10650.43764
2019-03-30,10862.01323
2019-03-31,10851.86011
2019-04-01,10881.37184
2019-04-02,10992.27916
2019-04-03,12891.13607
2019-04-04,13086.99518
2019-04-05,12849.75134
2019-04-06,13302.0045
2019-04-07,13343.78718
2019-04-08,13683.22132
2019-04-09,13834.15546
2019-04-10,13549.16019
2019-04-11,13870.0089317887
2019-04-12,13029.6948680326
2019-04-13,13082.5552268194
2019-04-14,13038.2624610729
2019-04-15,13285.3341469936
2019-04-16,13005.7473581696
2019-04-17,13372.8329339469
2019-04-18,13398.5186133726
2019-04-19,13624.4486831199
2019-04-20,13622.8294716556
2019-04-21,13646.3002256915
2019-04-22,13490.4833342203
2019-04-23,13620.3531413736
2019-04-24,13805.9534806514
2019-04-25,13420.7670872761
2019-04-26,12789.3059434556
2019-04-27,12990.1840589664
2019-04-28,12993.8285623432
2019-04-29,12914.1124207778
2019-04-30,12697.6684456663
2019-05-01,13078.7144847367
2019-05-02,13148.5360848277
2019-05-03,13341.1792283171
2019-05-04,13959.226509302
2019-05-05,14042.0108104657
2019-05-06,13938.1869327034
2019-05-07,13978.6045581291
2019-05-08,14233.2394261869
2019-05-09,14345.1981535074
2019-05-10,14736.9145642074
2019-05-11,15098.8873607358
2019-05-12,17372.5751916312
2019-05-13,16452.6569409294
2019-05-14,18191.4835798735
2019-05-15,19150.4853716655
2019-05-16,20059.1837464504
2019-05-17,19548.5470157932
2019-05-18,18195.3357496535
2019-05-19,17937.7048477499
2019-05-20,20046.58763064
2019-05-21,19490.5666542174
2019-05-22,19546.0343336326
2019-05-23,18751.8450766664
2019-05-24,19155.5147683492
2019-05-25,19430.5103526343
2019-05-26,19552.9230227669
2019-05-27,20926.8001411315
2019-05-28,21627.6837986176
2019-05-29,21468.0816394271
2019-05-30,21296.08323763
2019-05-31,20411.0397072212
2019-06-01,21216.4441579805
2019-06-02,21006.0374952079
2019-06-03,21464.3517785094
2019-06-04,20046.2006677971
2019-06-05,18833.2263186572
2019-06-06,19218.1550628104
2019-06-07,19352.6855330898
2019-06-08,19797.2843783372
2019-06-09,19462.161922116
2019-06-10,18693.134589236
2019-06-11,19535.3816219078
2019-06-12,19300.318736777
2019-06-13,19912.4048546581
2019-06-14,20064.2311404522
2019-06-15,21043.5245104107
2019-06-16,21342.0318141197
2019-06-17,21801.9154804164
2019-06-18,22461.9155125748
2019-06-19,21866.4359726046
2019-06-20,22264.7213106931
2019-06-21,22784.0374946538
2019-06-22,24087.9169527718
2019-06-23,25544.2966431125
2019-06-24,25725.588946411
2019-06-25,26082.7843696457
2019-06-26,27490.2894797922
2019-06-27,29733.3762322391
2019-06-28,25680.536025263
2019-06-29,27994.5691919855
2019-06-30,27518.4958864825
2019-07-01,25046.0393806649
2019-07-02,24707.1957863349
2019-07-03,24831.2730726584
2019-07-04,27150.4892901981
2019-07-05,25536.6561729407
2019-07-06,25081.4288069359
2019-07-07,25709.7108933542
2019-07-08,26133.4647348648
2019-07-09,27676.2695660506
2019-07-10,28076.0415742078
2019-07-11,27057.5261869446
2019-07-12,25139.5815375957
2019-07-13,26077.6200499334
2019-07-14,25232.6609398904
2019-07-15,22562.2683083152
2019-07-16,23879.3328758936
2019-07-17,20920.610434095
2019-07-18,21370.3003803557
2019-07-19,23440.3856872334
2019-07-20,23110.4185944411
2019-07-21,23585.1282380581
2019-07-22,23402.7993424541
2019-07-23,22771.2515015601
2019-07-24,21893.2063117012
2019-07-25,21809.9819713225
2019-07-26,21945.3793411889
2019-07-27,21928.820759025
2019-07-28,20974.6242107426
2019-07-29,21242.0540256971
2019-07-30,21104.5836755058
2019-07-31,21304.0113465034
2019-08-01,22332.8372991482
2019-08-02,22832.5804379519
2019-08-03,23098.9447141024
2019-08-04,23611.4540380855
2019-08-05,23910.3352117836
2019-08-06,25562.223476076
2019-08-07,24800.5904473699
2019-08-08,25663.1831194608
2019-08-09,25648.4100007355
2019-08-10,25181.4005104596
2019-08-11,24271.33536043
2019-08-12,24821.9440476677
2019-08-13,24435.165753031
2019-08-14,23580.0097848084
2019-08-15,21490.9812663724
2019-08-16,22041.1769457264
2019-08-17,22060.5337005694
2019-08-18,21902.4013560376
2019-08-19,22243.7397894297
2019-08-20,23385.2162027687
2019-08-21,22985.3482045326
2019-08-22,21736.655058784
2019-08-23,21846.9835565859
2019-08-24,22558.7218640749
2019-08-25,21861.2959386275
2019-08-26,21687.8267098549
2019-08-27,22144.3052810557
2019-08-28,21837.1037013077
2019-08-29,20822.2656064295
2019-08-30,20313.0907351079
2019-08-31,20495.6241136257
2019-09-01,20574.1035470629
2019-09-02,20776.0201746408
2019-09-03,21885.4147719606
2019-09-04,22523.0901538563
2019-09-05,22338.7256758193
2019-09-06,22309.2639979267
2019-09-07,21856.8896910096
2019-09-08,22213.4137800859
2019-09-09,22148.434492183
2019-09-10,22032.5783219427
2019-09-11,21645.9954581759
2019-09-12,21667.9741624609
2019-09-13,22133.6484311844
2019-09-14,22067.4884937366
2019-09-15,22181.3616158918
2019-09-16,22099.8194718652
2019-09-17,22139.5620582977
2019-09-18,22304.4053360093
2019-09-19,22373.1927007826
2019-09-20,22588.0367366386
2019-09-21,22376.2745163094
2019-09-22,22013.3783524146
2019-09-23,21990.1240681292
2019-09-24,21162.7762351146
2019-09-25,19010.1917668513
2019-09-26,18423.360335165
2019-09-27,17704.6991833341
2019-09-28,17936.8832321526
2019-09-29,17996.8694534127
2019-09-30,17661.4387443565
2019-10-01,18229.0613770139
2019-10-02,18393.6672233095
2019-10-03,18393.6672233095
2019-10-04,18019.2155777596
2019-10-05,17969.5032150683
2019-10-06,17950.6139765986
2019-10-07,17443.628105359
2019-10-08,18187.4175240114
2019-10-09,18194.7929966913
2019-10-10,19063.314196571
2019-10-11,18954.6644300406
2019-10-12,18278.6169762244
2019-10-13,18378.0591456259
2019-10-14,18405.5543308395
2019-10-15,18580.6441590359
2019-10-16,18217.8946216327
2019-10-17,17824.9249627651
2019-10-18,18063.8869801902
2019-10-19,17758.0349525934
2019-10-20,17714.5316506148
2019-10-21,18258.2070359844
2019-10-22,18274.4619812742
2019-10-23,17907.0732595987
2019-10-24,16671.1204927733
2019-10-25,16618.1900324243
2019-10-26,19151.6904053174
2019-10-27,20170.3380858111
2019-10-28,20713.0529519724
2019-10-29,20202.112239429
2019-10-30,20718.5179033022
2019-10-31,20191.2498216427
2019-11-01,20163.6853269348
2019-11-02,20280.5878397307
2019-11-03,20448.6284444162
2019-11-04,20264.7999083472
2019-11-05,20653.1021103207
2019-11-06,20629.7507565201
2019-11-07,20795.8539783562
2019-11-08,20453.9990733858
2019-11-09,19596.5904372576
2019-11-10,19717.212174912
2019-11-11,20178.5651037229
2019-11-12,19612.0833059663
2019-11-13,19719.8677016632
2019-11-14,19710.8229944041
2019-11-15,19444.0553361171
2019-11-16,19000.8266360531
2019-11-17,19075.1105118183
2019-11-18,19102.2862860154
2019-11-19,18395.1054234304
2019-11-20,18177.9646946429
2019-11-21,18067.4347999517
2019-11-22,17029.2765352013
2019-11-23,16218.6283158077
2019-11-24,16360.9183125092
2019-11-25,15541.9397358018
2019-11-26,15817.5728788757
2019-11-27,15984.7746882925
2019-11-28,16597.7045207545
2019-11-29,16498.7447331385
2019-11-30,17065.1079416068
2019-12-01,16724.6113799353
2019-12-02,16447.4813383199
2019-12-03,16232.5827947462
2019-12-04,16173.9542127723
2019-12-05,15999.8173691366
2019-12-06,16316.8605092554
2019-12-07,16548.3264121885
2019-12-08,16538.2845396607
2019-12-09,16625.9189005953
2019-12-10,16293.1547825035
2019-12-11,16054.419738058
2019-12-12,15941.0380657812
2019-12-13,15988.4447196804
2019-12-14,16067.6480974227
2019-12-15,15712.998247964
2019-12-16,15805.213630643
2019-12-17,15214.9100932639
2019-12-18,14431.2046926301
2019-12-19,15696.0084093441
2019-12-20,15449.0166439688
2019-12-21,15570.9342502818
2019-12-22,15447.6252948685
2019-12-23,16081.6151493748
2019-12-24,15790.385131604
2019-12-25,15646.7905546641
2019-12-26,15525.3171874755
2019-12-27,15561.7665730169
2019-12-28,15657.7977911372
2019-12-29,15836.7973045988
2019-12-30,16068.7230522494
2019-12-31,15755.0901059498
2020-01-01,15625.2820962494
2020-01-02,15653.4140345525
2020-01-03,15156.8244197241
2020-01-04,15938.686506154
2020-01-05,16033.646203017
2020-01-06,16052.7525161215
2020-01-07,16995.9275622405
2020-01-08,17607.1828701642
2020-01-09,17370.9401388683
2020-01-10,16945.1988655536
2020-01-11,17669.460869946
2020-01-12,17528.8794387146
2020-01-13,17868.5033418109
2020-01-14,17765.6510566839
2020-01-15,19837.6800121672
2020-01-16,19795.0180451768
2020-01-17,19606.8035011684
2020-01-18,20157.0693925875
2020-01-19,20040.0131009025
2020-01-20,19556.8527882667
2020-01-21,19543.3808807629
2020-01-22,19761.6685064856
2020-01-23,19647.6069472157
2020-01-24,18946.7501222225
2020-01-25,18988.6078104713
2020-01-26,18793.0324104048
2020-01-27,19417.165640398
2020-01-28,20034.795338227
2020-01-29,20924.9526165313
2020-01-30,20868.8221645479
2020-01-31,21493.8421287631
2020-02-01,21008.2274860603
2020-02-02,21167.4337645195
2020-02-03,21213.3727331893
2020-02-04,21211.121070033
2020-02-05,20994.5779789395
2020-02-06,22111.7160377383
2020-02-07,22509.8014242247
2020-02-08,22706.1784544004
2020-02-09,22954.7359156289
2020-02-10,23528.3146429592
2020-02-11,23008.0942647001
2020-02-12,23818.7631322796
2020-02-13,24413.7511424401
2020-02-14,24332.0072730865
2020-02-15,24730.3436156783
2020-02-16,23475.765704262
2020-02-17,23432.5987007126
2020-02-18,22989.9121557425
2020-02-19,24082.769087843
2020-02-20,22724.8606909608
2020-02-21,22560.8809688257
2020-02-22,22862.6315083855
2020-02-23,22729.2739615799
2020-02-24,23514.9220611661
2020-02-25,22725.8761793628
2020-02-26,21880.7832975396
2020-02-27,20433.7958496878
2020-02-28,20421.5931773223
2020-02-29,20308.6629420226
2020-03-01,19865.6864124751
2020-03-02,19853.4715969029
2020-03-03,20728.5560971263
2020-03-04,20360.0253198012
2020-03-05,20337.4891251844
2020-03-06,20937.8100787436
2020-03-07,21342.0776159233
2020-03-08,20789.2317001675
2020-03-09,18599.7770616962
2020-03-10,18369.9434932765
2020-03-11,18376.4801667788
2020-03-12,18331.6769891149
2020-03-13,11728.0875732524
2020-03-14,12922.9628662161
2020-03-15,12157.3225351864
2020-03-16,12576.0958784665
2020-03-17,11694.8249648417
2020-03-18,12437.3798148677
2020-03-19,12423.7944586987
2020-03-20,14228.848580753
2020-03-21,14159.0863672022
2020-03-22,14106.277385814
2020-03-23,13424.3825020612
2020-03-24,14713.1716189356
2020-03-25,15287.8046515112
2020-03-26,15177.6057819276
2020-03-27,15397.5995088426
2020-03-28,14669.0476679833
2020-03-29,14353.9823202367
2020-03-30,13664.7557054757
2020-03-31,14653.4220897053
2020-04-01,14720.7057597614
2020-04-02,15068.7988220092
2020-04-03,15740.7093965357
2020-04-04,15611.3088150591
2020-04-05,15886.6255377152
2020-04-06,15727.7607301145
2020-04-07,17048.9129987419
2020-04-08,16811.5185891209
2020-04-09,17145.2940859839
2020-04-10,17087.7674288669
2020-04-11,16081.4969197975
2020-04-12,16115.6611380446
2020-04-13,16217.710452957
2020-04-14,16098.2376062495
2020-04-15,16070.5800225638
2020-04-16,15555.4491307128
2020-04-17,16612.8793699798
2020-04-18,16549.7888443074
2020-04-19,17154.516036087
2020-04-20,16831.0669069121
2020-04-21,16189.0104102878
2020-04-22,16159.8831848999
2020-04-23,16819.5782240761
2020-04-24,17426.6752183605
2020-04-25,17649.1640205098
2020-04-26,17739.7818513094
2020-04-27,18173.1156500445
2020-04-28,18331.3301831596
2020-04-29,18379.3261211184
2020-04-30,20455.8322561696
2020-05-01,23035.3605488184
2020-05-02,23587.0349506992
2020-05-03,23936.4583250128
2020-05-04,23659.66543117
2020-05-05,23486.351660261
2020-05-06,23802.9233450222
2020-05-07,24043.9804960512
2020-05-08,25849.1500057328
2020-05-09,25572.680169347
2020-05-10,25070.8846759573
2020-05-11,23356.4772611085
2020-05-12,22621.839409768
2020-05-13,23097.6959674101
2020-05-14,23139.0286825909
2020-05-15,25171.1329980029
2020-05-16,24214.6392923159
2020-05-17,24420.6480081485
2020-05-18,25035.0511422071
2020-05-19,25297.3645726356
2020-05-20,25312.9775013739
2020-05-21,24563.7243293897
2020-05-22,23883.4539860899
2020-05-23,24069.2229797091
2020-05-24,24048.3163684598
2020-05-25,23213.5209408537
2020-05-26,23475.550078961
2020-05-27,23318.6138385452
2020-05-28,25033.1956395293
2020-05-29,25044.9664942626
2020-05-30,24811.2889233361
2020-05-31,25721.4549392571
2020-06-01,25072.1262843168
2020-06-02,26775.3524029286
2020-06-03,25368.5194164056
2020-06-04,25671.3785049392
2020-06-05,25952.3945297966
2020-06-06,25640.2981614472
2020-06-07,25710.7107920043
2020-06-08,25863.8971192799
2020-06-09,25985.2301527762
2020-06-10,25919.0788989963
2020-06-11,26197.6894876592
2020-06-12,24733.5806133459
2020-06-13,25136.9995980345
2020-06-14,25164.7040258449
2020-06-15,24816.9662512088
2020-06-16,24970.5644120856
2020-06-17,25182.7353839103
2020-06-18,25099.0681979453
2020-06-19,24913.228420756
2020-06-20,24640.9906542369
2020-06-21,24780.6653876786
2020-06-22,24610.8034453224
2020-06-23,25645.311480326
2020-06-24,25539.4679421513
2020-06-25,24784.627660606
2020-06-26,24630.4022949306
2020-06-27,24403.6095991513
2020-06-28,23896.6893705311
2020-06-29,24202.2138879391
2020-06-30,24350.4762615879
2020-07-01,24220.3933893521
2020-07-02,24508.3233978072
2020-07-03,24154.3954505701
2020-07-04,24103.94132641
2020-07-05,24318.1551962642
2020-07-06,24195.4111134775
2020-07-07,25155.1158996303
2020-07-08,24952.5150092103
2020-07-09,25623.9664259163
2020-07-10,25104.6601532611
2020-07-11,25155.4791551316
2020-07-12,25073.3500088595
2020-07-13,25277.197539474
2020-07-14,25115.9208518196
2020-07-15,25198.8565036366
2020-07-16,25089.8449723174
2020-07-17,24810.4744546102
2020-07-18,24800.5936085903
2020-07-19,24891.4256041186
2020-07-20,25043.1046939482
2020-07-21,24812.6069390824
2020-07-22,25469.9632807245
2020-07-23,26039.9510991163
2020-07-24,26376.9717832745
2020-07-25,26269.1482964775
2020-07-26,27121.9727508736
2020-07-27,27674.465349941
2020-07-28,30032.1963198823
2020-07-29,30048.3682624494
2020-07-30,30506.3763673079
2020-07-31,30813.1769920296
2020-08-01,31453.120514377
2020-08-02,33227.7325327107
2020-08-03,31361.8199444268
2020-08-04,32072.3680026196
2020-08-05,32127.9525861844
2020-08-06,33332.422527308
2020-08-07,33387.8470514995
2020-08-08,32730.4904462892
2020-08-09,33341.4455358872
2020-08-10,33248.2607644775
2020-08-11,33725.0098777458
2020-08-12,32563.3450126077
2020-08-13,33083.4845848827
2020-08-14,34025.2206968564
2020-08-15,34212.1863380604
2020-08-16,34564.3305327555
2020-08-17,34728.9945530132
2020-08-18,35441.1155203014
2020-08-19,34644.4709497333
2020-08-20,33829.1121959551
2020-08-21,34207.735318207
2020-08-22,33350.706081208
2020-08-23,33800.4584191121
2020-08-24,33738.2920793618
2020-08-25,33997.5063512139
2020-08-26,33019.8992067953
2020-08-27,33268.0602403644
2020-08-28,32766.7485297178
2020-08-29,33283.9011227041
2020-08-30,33345.4532427034
2020-08-31,33882.4737387499
2020-09-01,33833.9206146075
2020-09-02,34623.2370885509
2020-09-03,33049.664457623
2020-09-04,29614.3149015081
2020-09-05,30357.2067713026
2020-09-06,29353.4745711326
2020-09-07,29729.1090993033
2020-09-08,30049.8742857738
2020-09-09,29362.7989248363
2020-09-10,29661.0645421364
2020-09-11,30006.4848144983
2020-09-12,30129.1723843339
2020-09-13,30291.1004379146
2020-09-14,30037.7165198885
2020-09-15,30834.4438713004
2020-09-16,31002.0500829029
2020-09-17,31439.5983917955
2020-09-18,31525.1696491646
2020-09-19,31468.1489361471
2020-09-20,31861.6788367289
2020-09-21,31371.947640757
2020-09-22,30087.9835685336
2020-09-23,30223.0745434014
2020-09-24,29340.618507915
2020-09-25,30768.6945494487
2020-09-26,30744.9809533521
2020-09-27,30923.9198336978
2020-09-28,31039.156004909
2020-09-29,30845.6315449468
2020-09-30,31246.4604410987
2020-10-01,31080.7534941548
2020-10-02,30688.9298473971
2020-10-03,30495.9442055787
2020-10-04,30442.5423968145
2020-10-05,30836.6900773969
2020-10-06,31124.1075223985
2020-10-07,30616.7531278451
2020-10-08,30799.8957758453
2020-10-09,31374.4116072801
2020-10-10,31875.3949794022
2020-10-11,32573.1824578475
2020-10-12,32770.7509946975
2020-10-13,33231.8915926584
2020-10-14,32920.87146917
2020-10-15,32902.8073257019
2020-10-16,33027.8620686654
2020-10-17,32558.8668138699
2020-10-18,32544.2724306778
2020-10-19,32908.2411341572
2020-10-20,33572.6790680591
2020-10-21,33945.6326336422
2020-10-22,36358.5165058833
2020-10-23,36935.5219391995
2020-10-24,36822.2665442201
2020-10-25,37378.0358828375
2020-10-26,37085.675578113
2020-10-27,37230.2184298502
2020-10-28,38803.9145615664
2020-10-29,37612.1131183335
2020-10-30,38109.0756698583
2020-10-31,38276.3920942793
2020-11-01,38923.0240013594
2020-11-02,38783.383715605
2020-11-03,38290.6456497782
2020-11-04,39372.2930457298
2020-11-05,39614.6617152937
2020-11-06,43520.5958311751
2020-11-07,43746.9681868093
2020-11-08,41684.7607002186
2020-11-09,43528.5715735601
2020-11-10,43060.2879783931
2020-11-11,42911.6161045663
2020-11-12,44039.144059917
2020-11-13,45495.3272180744
2020-11-14,45764.5302413286
2020-11-15,45163.9185305998
2020-11-16,44876.5582268007
2020-11-17,46986.7024881817
2020-11-18,49571.0246370047
2020-11-19,49954.5611399966
2020-11-20,50037.407143269
2020-11-21,52325.2151121723
2020-11-22,53382.5834684357
2020-11-23,52627.1816622182
2020-11-24,53695.8884661997
2020-11-25,56222.2852530735
2020-11-26,54885.0681972806
2020-11-27,49995.097750076
2020-11-28,50035.9660856452
2020-11-29,52028.2402307829
2020-11-30,53021.565803427
2020-12-01,57349.128393721
2020-12-02,54965.7125773571
2020-12-03,56084.8618075194
2020-12-04,56657.2441645258
2020-12-05,54234.5900785616
2020-12-06,55446.1203145987
2020-12-07,56178.7407033946
2020-12-08,55814.3736927509
2020-12-09,53166.0155025744
2020-12-10,53890.9081145466
